id,personID,name,phone,mail
0,21,Liz Joyner,+1 (813) 450-3357,Daniel.Raymond@exemple.com
1,126,Moore Jensen,+1 (960) 586-3032,Wall.Delgado@exemple.com
2,8,Shields Cochran,+1 (889) 441-3900,Louise.Whitaker@exemple.com
3,32,Hull Arnold,+1 (851) 443-3840,Colette.Sykes@exemple.com
4,52,Torres Patrick,+1 (948) 496-2712,Johnson.Short@exemple.com
5,48,Jillian Travis,+1 (890) 570-2870,Anita.Blankenship@exemple.com
6,6,Larson Kelley,+1 (881) 505-2248,Ada.Bishop@exemple.com
7,95,Marietta Mason,+1 (958) 564-3197,Lynne.Bernard@exemple.com
8,9,Maria Blanchard,+1 (837) 409-2998,Sophia.Harvey@exemple.com
9,60,White Bowen,+1 (897) 407-3319,Margret.Velasquez@exemple.com
10,110,Kathrine Tyler,+1 (856) 594-3142,Reva.Spence@exemple.com
11,31,Kate Roberson,+1 (864) 456-2902,Saunders.Kirkland@exemple.com
12,78,Magdalena Goodman,+1 (816) 406-2064,Marisa.Brooks@exemple.com
13,18,Tamika Trujillo,+1 (935) 548-3132,Carver.Gilmore@exemple.com
14,110,Vaughan Kent,+1 (974) 528-2388,Rena.Keith@exemple.com
15,111,Glenn White,+1 (931) 542-3993,Woods.Holloway@exemple.com
16,24,Lilia Garza,+1 (812) 445-2281,Mitchell.Ruiz@exemple.com
17,108,Fuentes Sweeney,+1 (996) 531-2775,Davis.Griffith@exemple.com
18,17,Mcmillan Conway,+1 (971) 459-3477,Keisha.Hale@exemple.com
19,62,Diann Lane,+1 (804) 468-3231,Barbra.Fitzpatrick@exemple.com
20,83,Knox Kirk,+1 (913) 501-3764,Bessie.Wallace@exemple.com
21,106,Norris Cooper,+1 (899) 568-2541,Dillon.Rojas@exemple.com
22,82,Latoya Burgess,+1 (938) 481-3280,Stephens.Mclaughlin@exemple.com
23,145,Coleman Boone,+1 (930) 467-2337,Odessa.Owens@exemple.com
24,90,Annette Hines,+1 (936) 505-3919,Callie.Duncan@exemple.com
25,91,Neva Bauer,+1 (919) 558-2467,Shelley.Webster@exemple.com
26,87,Gale Small,+1 (802) 529-3121,Rosetta.Willis@exemple.com
27,103,Solis Hall,+1 (969) 544-2886,Tracie.Sharpe@exemple.com
28,123,Marina Forbes,+1 (922) 563-2706,Lakeisha.Sullivan@exemple.com
29,149,Erna Mcmahon,+1 (865) 438-3339,Blanche.Hensley@exemple.com
30,7,Coffey Cline,+1 (868) 478-2694,Stevenson.Hoover@exemple.com
31,21,Janis Rivera,+1 (979) 573-3389,Frazier.Rasmussen@exemple.com
32,51,Rivera Dillard,+1 (873) 509-3823,Mae.Silva@exemple.com
33,98,Tammi Nicholson,+1 (898) 508-2463,Norton.Hayes@exemple.com
34,126,Lola Coffey,+1 (897) 482-2870,Gallegos.Clarke@exemple.com
35,139,Nora Hendrix,+1 (941) 503-3002,Howard.Goff@exemple.com
36,148,Deanna Haynes,+1 (805) 578-2158,Whitley.Cooley@exemple.com
37,9,Myers Harrell,+1 (887) 581-3808,Bernice.Donovan@exemple.com
38,57,Chelsea Dalton,+1 (888) 478-3205,Sosa.Cohen@exemple.com
39,18,Alisha Tate,+1 (939) 413-2574,Welch.Hopper@exemple.com
40,4,Josefa Henry,+1 (808) 549-2376,Lindsay.Leon@exemple.com
41,13,Arlene Cobb,+1 (971) 597-3255,Jenkins.Hickman@exemple.com
42,138,Carissa Spencer,+1 (861) 409-2422,Sharon.Levine@exemple.com
43,139,Lenore King,+1 (965) 437-3707,Mcmahon.Copeland@exemple.com
44,117,Carly Valentine,+1 (945) 514-3664,Vanessa.Cardenas@exemple.com
45,146,Hester Dyer,+1 (846) 434-2304,Dona.Petty@exemple.com
46,120,Conrad Head,+1 (949) 440-2642,Isabella.Zamora@exemple.com
47,102,Greta Orr,+1 (872) 585-3561,Beck.Holcomb@exemple.com
48,66,Lourdes Mullins,+1 (990) 594-2225,Mathis.Wiggins@exemple.com
49,136,Olive Welch,+1 (929) 427-2693,Chris.Gordon@exemple.com
50,75,Ballard Meyers,+1 (951) 509-2059,Estes.Dillon@exemple.com
51,26,Weeks Kelly,+1 (976) 598-2523,Foreman.Golden@exemple.com
52,126,Goodwin Nunez,+1 (980) 557-3835,Kris.Juarez@exemple.com
53,12,Mona Knapp,+1 (933) 534-3114,Leanna.Lloyd@exemple.com
54,110,Arnold Woodward,+1 (810) 423-2974,Shelly.Fulton@exemple.com
55,51,Chang Blair,+1 (880) 422-2939,Agnes.Mcintyre@exemple.com
56,41,Maritza Estrada,+1 (845) 490-3153,Roth.Wall@exemple.com
57,146,Roberts Calderon,+1 (810) 461-2716,Ethel.Soto@exemple.com
58,12,Jessica Savage,+1 (812) 566-3147,Preston.Daugherty@exemple.com
59,42,Duncan Garner,+1 (924) 571-2925,Franks.Riggs@exemple.com
60,150,Jeanine Greene,+1 (992) 457-2379,Owens.Hernandez@exemple.com
61,95,Jana Newman,+1 (958) 467-3480,Angelica.Patel@exemple.com
62,131,Freida Carpenter,+1 (890) 448-3469,Reyes.Pickett@exemple.com
63,74,Haley Terry,+1 (806) 496-2726,Henson.Hamilton@exemple.com
64,77,Jennifer Snyder,+1 (859) 559-2524,Evangelina.Valdez@exemple.com
65,86,Mason Dickson,+1 (846) 452-2210,Gentry.Guy@exemple.com
66,28,Trisha Vargas,+1 (815) 526-2094,Roach.Mcguire@exemple.com
67,140,Richards Gray,+1 (913) 465-3575,Barrera.Fleming@exemple.com
68,83,Walter Carey,+1 (800) 426-3651,Underwood.Vasquez@exemple.com
69,84,Renee Gross,+1 (845) 573-2896,Salas.Foreman@exemple.com
70,82,Castro Cook,+1 (922) 591-3750,Josie.Stout@exemple.com
71,45,Wolf Mcgowan,+1 (968) 556-3156,Mclean.Collins@exemple.com
72,96,Ashlee Oneill,+1 (986) 578-2614,Wilkinson.Compton@exemple.com
73,20,Bernard Tyson,+1 (835) 501-2649,Mullins.Rose@exemple.com
74,111,Pruitt Webb,+1 (863) 458-3310,Mccarthy.Wilder@exemple.com
75,44,Nellie Acevedo,+1 (988) 439-2837,Webb.Porter@exemple.com
76,53,Patty Gardner,+1 (864) 547-2510,Snider.Cain@exemple.com
77,144,Lena Schmidt,+1 (887) 584-3724,Jodie.Obrien@exemple.com
78,140,Dianne Stone,+1 (871) 497-3713,Estrada.Kramer@exemple.com
79,12,Leann Chandler,+1 (838) 538-2803,Warren.Flowers@exemple.com
80,9,Travis Franklin,+1 (981) 421-3579,Francis.Guerra@exemple.com
81,116,Ashley Nolan,+1 (836) 541-3982,Wilkins.English@exemple.com
82,27,Georgina Mcdowell,+1 (907) 579-3796,Tania.Poole@exemple.com
83,112,Velasquez Lowery,+1 (935) 515-2121,Kramer.Ray@exemple.com
84,117,Cote Gates,+1 (911) 414-3591,Robert.Beasley@exemple.com
85,59,Thornton Salinas,+1 (874) 499-2999,Lang.Mcknight@exemple.com
86,147,Clarissa Douglas,+1 (879) 559-3372,Rosario.Bonner@exemple.com
87,129,Newman Noel,+1 (843) 441-2078,Buckner.Frost@exemple.com
88,104,Traci Decker,+1 (941) 577-3589,Pratt.Long@exemple.com
89,33,Meyer Berg,+1 (834) 594-2871,Brady.Pace@exemple.com
90,137,Holcomb Park,+1 (980) 599-2474,Burgess.Castro@exemple.com
91,118,Kim Potts,+1 (880) 501-3436,Mathews.Perkins@exemple.com
92,92,Marcella Browning,+1 (960) 460-3743,Morrow.Hodge@exemple.com
93,38,Kasey Hyde,+1 (957) 496-2890,Parrish.Joyce@exemple.com
94,62,Katheryn Vaughn,+1 (826) 531-3201,Whitehead.Brock@exemple.com
95,104,Russell Schroeder,+1 (988) 446-3583,Eaton.Fletcher@exemple.com
96,51,Wiggins Parrish,+1 (805) 548-2674,Ramirez.Rivas@exemple.com
97,47,Kay Santos,+1 (843) 407-2650,Iris.Haley@exemple.com
98,85,Nikki Bradford,+1 (864) 470-2251,Burke.Banks@exemple.com
99,121,Mendez Pacheco,+1 (917) 425-2401,Watts.Key@exemple.com
100,27,Helga Ballard,+1 (866) 442-2098,Blanca.Macias@exemple.com
101,116,Martinez Booth,+1 (805) 487-3834,Merritt.Dudley@exemple.com
102,26,Kimberley Shannon,+1 (832) 559-3782,Margarita.Velazquez@exemple.com
103,97,Ana Sampson,+1 (919) 568-2856,Bonnie.Lambert@exemple.com
104,138,Strong Donaldson,+1 (891) 521-2908,Gordon.Osborne@exemple.com
105,62,Watson James,+1 (867) 530-2518,Grant.Butler@exemple.com
106,92,Cara Mccall,+1 (860) 412-2101,Powell.Mosley@exemple.com
107,116,Myra Steele,+1 (915) 577-3339,Sherman.Bond@exemple.com
108,45,Randall West,+1 (948) 530-2492,Buckley.Vazquez@exemple.com
109,78,Whitney Clements,+1 (845) 429-2138,Lilian.Mcclure@exemple.com
110,31,Maggie Pennington,+1 (926) 414-2351,Blake.Ramsey@exemple.com
111,42,Ericka Smith,+1 (952) 596-3491,Huber.Peterson@exemple.com
112,37,Gail Cox,+1 (989) 425-2530,Hood.Sharp@exemple.com
113,109,Kendra Pate,+1 (832) 488-2761,Elsie.Bartlett@exemple.com
114,85,King Gaines,+1 (892) 532-2387,Jami.Christensen@exemple.com
115,84,Justice Hodges,+1 (935) 508-3397,Good.Daniels@exemple.com
116,25,Head Riley,+1 (971) 500-2074,Collins.Holt@exemple.com
117,54,Catherine Chen,+1 (895) 417-2635,Barbara.Lang@exemple.com
118,142,Woodward Wyatt,+1 (842) 503-3715,Beverley.Camacho@exemple.com
119,4,Murray Barry,+1 (976) 587-3091,Esther.Odom@exemple.com
120,20,Neal Watts,+1 (815) 464-3651,Love.Gould@exemple.com
121,6,Karin Charles,+1 (867) 585-2857,Lela.Christian@exemple.com
122,55,Laura Burris,+1 (934) 594-2731,Raquel.Howe@exemple.com
123,144,Camille Conrad,+1 (850) 435-3173,Ella.Hughes@exemple.com
124,1,Jeannette Pollard,+1 (910) 585-3087,Loretta.Martinez@exemple.com
125,85,Thelma Kerr,+1 (972) 550-3713,Patel.Kemp@exemple.com
126,39,Edith Mack,+1 (822) 541-3288,Michelle.Howell@exemple.com
127,6,Massey Rowe,+1 (843) 567-3550,Fay.Lyons@exemple.com
128,71,Bauer Clay,+1 (889) 426-2721,Banks.Hogan@exemple.com
129,20,Terri Reid,+1 (944) 410-3506,Bonner.Petersen@exemple.com
130,20,Nieves Mcdonald,+1 (826) 458-2724,May.Pugh@exemple.com
131,115,Hawkins Fox,+1 (810) 568-2362,Mcleod.Noble@exemple.com
132,52,Leta Greer,+1 (943) 449-2803,Barr.Bradshaw@exemple.com
133,148,Bethany Walter,+1 (925) 460-3625,Myrtle.Yang@exemple.com
134,113,Lydia Austin,+1 (821) 520-3632,Strickland.Livingston@exemple.com
135,66,Noreen Sears,+1 (891) 578-2095,Avila.Suarez@exemple.com
136,20,Gross Phillips,+1 (960) 474-3388,Molly.Ware@exemple.com
137,101,Levy Lawrence,+1 (938) 594-2753,Delia.Harris@exemple.com
138,88,Fran Berger,+1 (856) 478-2689,Guy.Rivers@exemple.com
139,92,Cooke Wise,+1 (874) 570-3134,Mia.Harper@exemple.com
140,129,Maryann Winters,+1 (825) 419-2456,Reba.Cabrera@exemple.com
141,50,Tiffany Peck,+1 (961) 543-2250,Hollie.Wheeler@exemple.com
142,56,Barton Mathews,+1 (980) 598-3987,Elva.Newton@exemple.com
143,94,Lidia Stephenson,+1 (808) 501-2948,Mercer.Mcleod@exemple.com
144,44,Morse Riddle,+1 (851) 416-3489,Lamb.Castillo@exemple.com
145,88,Hunter Russell,+1 (887) 521-2222,Marlene.Phelps@exemple.com
146,1,Eleanor Green,+1 (862) 407-2434,Ford.Blackwell@exemple.com
147,1,Rosemary Workman,+1 (906) 521-3722,Lopez.Gilliam@exemple.com
148,80,Robbie Jennings,+1 (943) 578-2244,Case.Burnett@exemple.com
149,82,Hughes Harrington,+1 (906) 460-3711,Walker.Kennedy@exemple.com
150,35,Wyatt Holland,+1 (862) 515-3995,Yvette.Castaneda@exemple.com
151,94,Patricia Schneider,+1 (884) 556-2918,Danielle.Rodriguez@exemple.com
152,97,Angel Carr,+1 (969) 456-2469,Lambert.Brady@exemple.com
153,26,Dee Price,+1 (856) 414-2665,Heather.Turner@exemple.com
154,87,Bennett Jefferson,+1 (885) 420-3545,Macdonald.Monroe@exemple.com
155,37,Juarez Wolfe,+1 (889) 498-2720,Pam.Hopkins@exemple.com
156,126,Alford Mccarty,+1 (946) 580-2846,Freeman.Justice@exemple.com
157,27,Kara Fowler,+1 (955) 481-3723,Kimberly.Casey@exemple.com
158,82,Malone Ashley,+1 (821) 526-2736,Carolyn.Leblanc@exemple.com
159,100,Kim Ramirez,+1 (873) 458-2228,Lucas.Evans@exemple.com
160,24,Rosanna Frederick,+1 (950) 581-2269,Mclaughlin.Maddox@exemple.com
161,37,Toni Massey,+1 (939) 565-2247,Simmons.Reyes@exemple.com
162,85,Leticia Padilla,+1 (878) 501-3012,Gardner.Walters@exemple.com
163,107,Katrina Best,+1 (862) 569-2178,Stacie.Weeks@exemple.com
164,111,Richardson Hahn,+1 (948) 519-3844,Montgomery.Mckee@exemple.com
165,87,Phillips Blake,+1 (933) 424-2793,Jaclyn.Tillman@exemple.com
166,86,Erickson Leonard,+1 (971) 523-2871,Brennan.Velez@exemple.com
167,109,Odom Hill,+1 (937) 519-2910,Hays.Francis@exemple.com
168,97,Constance Bates,+1 (856) 576-3049,Mcdonald.Diaz@exemple.com
169,94,Elaine Kim,+1 (998) 498-4000,Heidi.Kirby@exemple.com
170,2,Hayden Parker,+1 (974) 429-3775,Kathie.Waller@exemple.com
171,28,Eve Benjamin,+1 (922) 524-2693,Roslyn.Lancaster@exemple.com
172,70,Casey Pitts,+1 (884) 463-3254,Lauren.Mitchell@exemple.com
173,148,Figueroa Robbins,+1 (860) 517-3504,Savage.Oneal@exemple.com
174,138,Jan Oneil,+1 (943) 516-3855,Maryanne.Becker@exemple.com
175,80,Jolene Atkinson,+1 (825) 551-3343,Sexton.Tucker@exemple.com
176,96,Wolfe Baldwin,+1 (856) 440-3877,Morrison.Nguyen@exemple.com
177,36,Knight Anthony,+1 (938) 561-2232,Bertie.Ewing@exemple.com
178,15,Hogan Knight,+1 (817) 419-3240,Esmeralda.French@exemple.com
179,86,Joan Simpson,+1 (891) 545-3472,Atkins.Doyle@exemple.com
180,87,Meyers Everett,+1 (956) 417-2070,Patterson.Morris@exemple.com
181,74,Peterson Benton,+1 (918) 591-2682,Julianne.Hinton@exemple.com
182,5,Blair Jordan,+1 (946) 500-2072,Lynnette.Durham@exemple.com
183,132,Ellis Burks,+1 (966) 429-3701,Ruthie.Hicks@exemple.com
184,59,Keller Richard,+1 (914) 480-3947,Farmer.Callahan@exemple.com
185,149,Erin Villarreal,+1 (981) 598-2312,Blevins.Herman@exemple.com
186,96,Rebekah Lester,+1 (964) 467-3967,Bryant.Terrell@exemple.com
187,63,Finch Dale,+1 (903) 421-3983,Chambers.Sweet@exemple.com
188,9,Allen Hull,+1 (865) 584-3192,Tamera.Burke@exemple.com
189,113,Fry Mathis,+1 (836) 555-3796,Stefanie.Munoz@exemple.com
190,88,Yesenia Baker,+1 (828) 449-2935,Aurelia.Nelson@exemple.com
191,143,Rosalyn Oliver,+1 (900) 547-3832,Vinson.Alvarado@exemple.com
192,143,Krystal Carlson,+1 (902) 457-2817,Judy.Collier@exemple.com
193,68,Davidson Odonnell,+1 (981) 450-3906,Huff.Logan@exemple.com
194,121,Letha Singleton,+1 (818) 537-2226,Gillespie.Ellison@exemple.com
195,99,Williamson Graves,+1 (826) 482-2975,Lorrie.Alvarez@exemple.com
196,34,Carey Wilkinson,+1 (866) 547-2529,Porter.Lawson@exemple.com
197,88,Mccall Merrill,+1 (807) 584-2176,Day.Floyd@exemple.com
198,58,Rocha Henderson,+1 (890) 587-3144,Corina.Peters@exemple.com
199,85,Hudson Hanson,+1 (967) 499-3471,Earline.Walton@exemple.com
200,9,Miriam Barnett,+1 (942) 557-2178,Lana.Good@exemple.com
201,83,Susana Morse,+1 (909) 473-2990,Kristin.Herring@exemple.com
202,146,Pollard Guerrero,+1 (831) 536-3201,Gayle.Dawson@exemple.com
203,136,Eliza Gay,+1 (897) 435-2370,Trevino.Wynn@exemple.com
204,37,Colleen Houston,+1 (996) 545-2860,Bean.Jacobs@exemple.com
205,107,Reed Cross,+1 (847) 478-3694,Wood.Little@exemple.com
206,72,Bond Eaton,+1 (989) 478-2052,Crawford.Thompson@exemple.com
207,103,Millie Prince,+1 (977) 472-2125,Sanford.Morin@exemple.com
208,135,Elliott Clemons,+1 (869) 414-3103,Kristina.Jacobson@exemple.com
209,133,Stuart Grant,+1 (859) 485-2674,Cochran.Saunders@exemple.com
210,43,Morin Bruce,+1 (904) 460-3900,Marguerite.Marks@exemple.com
211,146,Valentine Mcgee,+1 (802) 408-2918,Letitia.Clark@exemple.com
212,28,Josefina Giles,+1 (962) 443-3164,Calderon.Paul@exemple.com
213,79,Goff Moon,+1 (859) 521-2524,Julia.Reynolds@exemple.com
214,28,Mann Gill,+1 (956) 564-3368,Lula.Maxwell@exemple.com
215,33,Rene Vinson,+1 (861) 427-3154,Sharp.Santana@exemple.com
216,64,Baldwin Mcfarland,+1 (800) 441-3700,Grace.Powell@exemple.com
217,78,Conley Stafford,+1 (842) 538-2402,Mccoy.Rodgers@exemple.com
218,146,Meagan Nielsen,+1 (970) 485-2345,Cabrera.Baxter@exemple.com
219,134,Patrice Salas,+1 (946) 429-3192,Conway.Wooten@exemple.com
220,100,Marsh Atkins,+1 (993) 486-2841,Alberta.Mckenzie@exemple.com
221,122,Elisabeth Barr,+1 (917) 481-3905,Mckay.Sutton@exemple.com
222,45,Robbins Pearson,+1 (828) 512-2386,John.Cortez@exemple.com
223,47,Maribel Miller,+1 (826) 567-2900,Hinton.Buckner@exemple.com
224,62,Debbie Talley,+1 (859) 551-2327,Essie.Leach@exemple.com
225,13,Rich Taylor,+1 (977) 433-2711,Oneill.Burch@exemple.com
226,64,Baker Blackburn,+1 (871) 544-2665,Roxie.Sellers@exemple.com
227,92,Edwina Bird,+1 (923) 434-3562,Teresa.Deleon@exemple.com
228,128,Cardenas Pittman,+1 (912) 591-2462,Franco.Marsh@exemple.com
229,34,Conner Conley,+1 (858) 435-2145,Rose.Lott@exemple.com
230,24,Doris Hoffman,+1 (897) 448-2196,Swanson.Guthrie@exemple.com
231,57,Roberta Frank,+1 (974) 535-2587,Clara.Barlow@exemple.com
232,105,Berger Middleton,+1 (968) 453-2190,Pitts.Mann@exemple.com
233,106,Earlene Pope,+1 (823) 414-3095,Ora.Whitney@exemple.com
234,21,Delaney Thornton,+1 (846) 463-2668,Kerr.Shaw@exemple.com
235,130,Valerie Sosa,+1 (941) 482-2167,Young.Randolph@exemple.com
236,36,Shanna Rosales,+1 (988) 547-2585,Tina.York@exemple.com
237,13,Gregory Beard,+1 (981) 571-3833,Contreras.Solomon@exemple.com
238,107,Guadalupe Bass,+1 (924) 415-3795,Annie.Mcneil@exemple.com
239,33,Ayers Hobbs,+1 (824) 463-2906,Nona.Torres@exemple.com
240,130,Booker Miles,+1 (810) 548-3333,Gilda.Joseph@exemple.com
241,48,Forbes Bryant,+1 (954) 476-2127,Jimenez.Robles@exemple.com
242,117,Antonia Aguilar,+1 (993) 404-2348,Shana.Hester@exemple.com
243,112,Sawyer Mccoy,+1 (986) 500-2961,Cathy.Keller@exemple.com
244,20,Hopper Richardson,+1 (805) 572-3339,Marla.Ball@exemple.com
245,122,Christian Herrera,+1 (852) 588-3058,Liliana.May@exemple.com
246,99,Cunningham Carroll,+1 (844) 458-2590,Nadia.Reilly@exemple.com
247,108,Francis Burton,+1 (817) 589-3613,Brenda.Edwards@exemple.com
248,17,Tonya Vega,+1 (905) 554-3441,Luella.Fields@exemple.com
249,97,Mckenzie Lara,+1 (942) 451-2841,Ladonna.Hartman@exemple.com
250,19,Ebony Heath,+1 (948) 428-2706,Zamora.Gallegos@exemple.com
251,68,Wendi Watson,+1 (876) 568-3227,Vicky.Hart@exemple.com
252,64,Ortiz Shepherd,+1 (925) 598-2002,Diane.Sheppard@exemple.com
253,104,Riddle Love,+1 (857) 486-2876,Jarvis.Brewer@exemple.com
254,150,Smith Marshall,+1 (920) 503-2726,Suarez.Jimenez@exemple.com
255,86,Copeland Swanson,+1 (828) 564-2552,Kaitlin.Parsons@exemple.com
256,129,Cervantes Byrd,+1 (843) 557-3115,Sabrina.Washington@exemple.com
257,132,Battle Vang,+1 (951) 410-2355,Sanders.Quinn@exemple.com
258,59,Christine Hardy,+1 (874) 462-3669,Diana.Hutchinson@exemple.com
259,119,Collier Brennan,+1 (865) 571-2411,Irma.Freeman@exemple.com
260,20,Cohen Gallagher,+1 (854) 430-3181,Schultz.Maynard@exemple.com
261,91,Jones Cameron,+1 (978) 481-2757,Virginia.Klein@exemple.com
262,44,Richard Rhodes,+1 (924) 406-2993,Helena.Nash@exemple.com
263,90,Noel Mccarthy,+1 (839) 500-3967,Fannie.Gonzales@exemple.com
264,118,Sondra Rocha,+1 (949) 522-2309,Sandoval.Cummings@exemple.com
265,129,Walls Gamble,+1 (921) 597-2019,Deanne.Carrillo@exemple.com
266,76,Betty Harding,+1 (920) 418-2406,Bowers.Landry@exemple.com
267,40,Garrison Farrell,+1 (916) 457-2709,Jewell.Cote@exemple.com
268,111,Cox Barrera,+1 (980) 467-2576,Willa.Moody@exemple.com
269,40,Geraldine Zimmerman,+1 (986) 429-2159,Terry.Black@exemple.com
270,2,Misty Mays,+1 (981) 569-2843,Eloise.Montoya@exemple.com
271,26,Manning Moss,+1 (845) 445-2839,Summer.Fry@exemple.com
272,98,Catalina Mayer,+1 (841) 468-2386,Rios.Sanchez@exemple.com
273,115,Townsend Duke,+1 (841) 560-2458,Tillman.Hunt@exemple.com
274,128,Bruce Coleman,+1 (966) 597-2629,Deann.Martin@exemple.com
275,70,Schmidt Ward,+1 (905) 498-2805,Taylor.Barnes@exemple.com
276,62,Patrica Reed,+1 (902) 454-3933,Cameron.Slater@exemple.com
277,4,Stokes Patterson,+1 (990) 501-3789,Schneider.Richmond@exemple.com
278,44,Elnora Mills,+1 (880) 417-3022,Elvira.Chapman@exemple.com
279,2,Sybil Davis,+1 (940) 529-3663,Rowena.Montgomery@exemple.com
280,121,Marylou England,+1 (996) 409-3250,Rollins.Sims@exemple.com
281,137,Lewis Fernandez,+1 (869) 484-3765,Hart.Warner@exemple.com
282,14,Howell Norris,+1 (932) 544-3787,Linda.Preston@exemple.com
283,27,Maxwell Langley,+1 (914) 493-2546,Sutton.Whitehead@exemple.com
284,5,Fleming Bryan,+1 (802) 423-2272,Gomez.Hansen@exemple.com
285,10,Fletcher Bolton,+1 (989) 417-3442,Stanley.Farmer@exemple.com
286,119,Gill Wilkerson,+1 (801) 570-2414,Alma.Roth@exemple.com
287,142,Poole Lowe,+1 (819) 484-3515,Olivia.Mcmillan@exemple.com
288,105,Graves Thomas,+1 (919) 520-2930,Joseph.Guzman@exemple.com
289,89,Ola Ferguson,+1 (864) 565-3114,Concepcion.Scott@exemple.com
290,28,Maryellen Meyer,+1 (922) 593-3927,Harding.Vance@exemple.com
291,40,Ewing Byers,+1 (937) 456-3606,Alfreda.Adkins@exemple.com
292,141,Stout Johns,+1 (892) 421-3392,Fisher.Cash@exemple.com
293,61,Horton Frazier,+1 (841) 452-2224,Harper.Russo@exemple.com
294,131,Finley Woods,+1 (855) 564-2754,Valarie.Wright@exemple.com
295,128,Avis Carney,+1 (840) 415-3757,Holmes.Frye@exemple.com
296,29,Floyd Rios,+1 (916) 524-3420,Campos.Potter@exemple.com
297,125,Carson Michael,+1 (864) 540-2679,Alston.Ochoa@exemple.com
298,52,Gray Dominguez,+1 (835) 531-3847,Hodge.Whitfield@exemple.com
299,115,Sandra Bailey,+1 (876) 583-2138,Monica.Adams@exemple.com
300,59,Katherine Robinson,+1 (946) 476-3469,Emilia.Burt@exemple.com
301,128,Carpenter Armstrong,+1 (902) 598-2035,Ward.Molina@exemple.com
302,38,Lindsay Contreras,+1 (928) 417-3812,Snow.Mcintosh@exemple.com
303,141,Lucinda Crane,+1 (829) 585-3962,Hannah.Burns@exemple.com
304,53,Burt Bridges,+1 (876) 486-3973,Crystal.Davidson@exemple.com
305,14,Santiago Battle,+1 (965) 426-2194,Carey.Glass@exemple.com
306,19,Manuela Bullock,+1 (867) 413-2189,Galloway.House@exemple.com
307,97,Minerva Alston,+1 (931) 536-3591,Carter.Shields@exemple.com
308,87,Faye Buck,+1 (986) 560-2178,Melva.Palmer@exemple.com
309,37,Britt Macdonald,+1 (897) 490-3839,Miller.Sargent@exemple.com
310,141,Beatrice Dixon,+1 (927) 457-2183,Imogene.Romero@exemple.com
311,53,Nichole Espinoza,+1 (857) 490-2171,Clarke.William@exemple.com
312,139,Sheila Cervantes,+1 (812) 444-3706,Roy.Horn@exemple.com
313,110,Burch Roy,+1 (979) 565-2601,Henrietta.Finch@exemple.com
314,68,Grimes Stewart,+1 (809) 423-3063,Salinas.Tanner@exemple.com
315,26,Juliet Santiago,+1 (874) 447-3660,Ingram.Wilcox@exemple.com
316,148,Hillary Rowland,+1 (859) 512-2417,Laverne.Buchanan@exemple.com
317,27,Regina Puckett,+1 (840) 507-2614,Goodman.Nichols@exemple.com
318,81,Sherri Blevins,+1 (818) 565-3366,Pope.Glover@exemple.com
319,15,Marta Simmons,+1 (837) 573-2731,Sullivan.Ferrell@exemple.com
320,44,Mcneil Roach,+1 (804) 570-2169,Christie.Meadows@exemple.com
321,8,Mai Caldwell,+1 (979) 564-2791,Rachel.Davenport@exemple.com
322,8,Elise Wilson,+1 (807) 437-3920,Lara.Avila@exemple.com
323,68,Claudia Drake,+1 (909) 554-3053,Brandi.Sherman@exemple.com
324,23,Janet Johnson,+1 (940) 514-2718,Courtney.Simon@exemple.com
325,47,Wendy Rosario,+1 (931) 535-2482,Lacy.Luna@exemple.com
326,35,Frank Buckley,+1 (971) 461-2030,Julie.Boyd@exemple.com
327,17,Maricela Chambers,+1 (991) 593-3179,Fields.Mullen@exemple.com
328,51,Dorothy Spears,+1 (818) 539-2666,Deleon.Ford@exemple.com
329,94,Bette Hebert,+1 (919) 486-3065,Pickett.Wilkins@exemple.com
330,127,Janette Abbott,+1 (811) 594-2375,Bradford.Ramos@exemple.com
331,4,Harmon Beck,+1 (911) 424-2039,Dean.Kaufman@exemple.com
332,9,Cassandra Melendez,+1 (925) 566-2315,Alejandra.Mercado@exemple.com
333,132,Gaines Hunter,+1 (942) 463-2789,Noble.Moran@exemple.com
334,11,Willis Craig,+1 (823) 550-3255,Wanda.Pratt@exemple.com
335,20,Lauri Williamson,+1 (850) 539-2839,Beach.Moreno@exemple.com
336,65,Levine Horne,+1 (995) 442-3846,Gertrude.Mcdaniel@exemple.com
337,111,Herrera Malone,+1 (832) 512-3045,Monique.Madden@exemple.com
338,13,Imelda Rodriquez,+1 (933) 463-3554,Felicia.Wood@exemple.com
339,100,Rosanne Stevenson,+1 (810) 494-3322,Stone.Hess@exemple.com
340,77,Hicks Walls,+1 (871) 436-2806,Wong.Holden@exemple.com
341,141,Effie Garcia,+1 (881) 507-2135,Hoffman.Perez@exemple.com
342,131,Mcintosh Patton,+1 (836) 570-3186,Jeanne.Mcclain@exemple.com
343,126,Adeline Anderson,+1 (876) 461-3488,Veronica.Bender@exemple.com
344,73,Christensen Wagner,+1 (832) 453-2533,Lilly.Schwartz@exemple.com
345,72,Acevedo Underwood,+1 (878) 432-3790,Dunlap.Bell@exemple.com
346,38,Joyce Boyer,+1 (930) 593-3508,Pierce.Rush@exemple.com
347,78,Cecelia Le,+1 (815) 451-2526,Daugherty.Moore@exemple.com
348,6,Lynch Marquez,+1 (811) 566-3600,Ortega.Conner@exemple.com
349,51,Elba Hurst,+1 (847) 572-2754,Sellers.Matthews@exemple.com
350,118,Dotson Cotton,+1 (937) 419-3884,Frieda.Holder@exemple.com
351,36,Petty Foster,+1 (878) 477-2188,Kathleen.Stein@exemple.com
352,12,Kelly Oconnor,+1 (944) 503-3668,Evangeline.Johnston@exemple.com
353,31,Serrano Stark,+1 (814) 480-2014,Celina.Jones@exemple.com
354,70,Pearlie Rich,+1 (978) 505-3168,Kane.Lopez@exemple.com
355,77,Henry Williams,+1 (870) 591-2409,Mitzi.Carter@exemple.com
356,51,Winifred Melton,+1 (971) 530-2262,Barnes.Larsen@exemple.com
357,59,Wells Sawyer,+1 (855) 504-3079,Corrine.Mccormick@exemple.com
358,82,Rodriquez Norman,+1 (974) 501-2120,Hendrix.Skinner@exemple.com
359,91,Black Duffy,+1 (948) 440-3851,Ruiz.Lucas@exemple.com
360,121,Nielsen Mercer,+1 (948) 475-3300,Kristine.Powers@exemple.com
361,57,Morgan Figueroa,+1 (929) 516-2949,Adams.Mccray@exemple.com
362,143,Huffman Hardin,+1 (800) 545-3591,Ursula.Galloway@exemple.com
363,18,Jenifer Cunningham,+1 (819) 522-2968,Beryl.Case@exemple.com
364,113,Bryan Dotson,+1 (995) 455-2122,Elizabeth.Strickland@exemple.com
365,103,Fernandez Miranda,+1 (836) 403-3322,Mayra.Lamb@exemple.com
366,79,Nina Whitley,+1 (973) 479-2239,Vera.Snider@exemple.com
367,36,Cross Dodson,+1 (802) 467-3384,Leanne.Stevens@exemple.com
368,48,Rosa Booker,+1 (825) 445-2509,Burris.Graham@exemple.com
369,38,Gwendolyn Strong,+1 (986) 513-3819,Allison.Carver@exemple.com
370,102,Tonia Chang,+1 (819) 538-3307,Audra.Garrison@exemple.com
371,19,Christina Carson,+1 (940) 560-3489,Oneil.Lee@exemple.com
372,17,Andrews Ryan,+1 (942) 581-3923,Best.Beach@exemple.com
373,14,Alicia Glenn,+1 (855) 523-3132,Fischer.Wolf@exemple.com
374,122,Rush Fitzgerald,+1 (814) 403-3185,Alyce.Bennett@exemple.com
375,132,Brianna Bowers,+1 (872) 527-2357,Green.Lynch@exemple.com
376,12,Fitzpatrick Hawkins,+1 (851) 432-3805,Rosalie.Gillespie@exemple.com
377,17,Flora Franks,+1 (989) 452-3457,Bray.Calhoun@exemple.com
378,50,Nita Huffman,+1 (954) 461-2830,Hardin.Gomez@exemple.com
379,4,William Levy,+1 (946) 592-3921,Gonzalez.Dunlap@exemple.com
380,90,Melinda Lewis,+1 (866) 484-2827,Deborah.Rollins@exemple.com
381,55,Adkins Osborn,+1 (876) 461-2719,Trudy.Mejia@exemple.com
382,147,Weber Bentley,+1 (962) 594-2974,Hopkins.Flores@exemple.com
383,13,Ellison Hewitt,+1 (806) 565-3577,Potts.Hubbard@exemple.com
384,66,Mcbride Colon,+1 (961) 491-3436,Gilliam.Mendez@exemple.com
385,149,Millicent Benson,+1 (976) 425-3829,Nash.Walsh@exemple.com
386,26,Silvia Irwin,+1 (816) 428-3398,Ida.Pierce@exemple.com
387,135,Morton Trevino,+1 (917) 584-3075,Mcknight.Avery@exemple.com
388,123,Kelly Holmes,+1 (940) 515-2582,Vazquez.Crosby@exemple.com
389,126,Landry Young,+1 (835) 429-3017,Mckinney.Dennis@exemple.com
390,63,Stephanie Albert,+1 (993) 519-3272,Betsy.Navarro@exemple.com
391,136,Randi Curtis,+1 (844) 507-3702,Lina.Parks@exemple.com
392,109,Robyn Wells,+1 (985) 446-2403,Brittany.Campbell@exemple.com
393,76,Knowles Elliott,+1 (867) 418-3811,Tucker.Holman@exemple.com
394,54,Cantrell Warren,+1 (823) 427-2013,Yvonne.Dickerson@exemple.com
395,68,Pittman Robertson,+1 (846) 502-2733,Pugh.Ross@exemple.com
396,7,Keri Mccullough,+1 (939) 595-3712,Gibson.Foley@exemple.com
397,8,Lindsey Bradley,+1 (943) 426-3473,Alissa.Clayton@exemple.com
398,88,Lawanda Barber,+1 (998) 556-3636,Autumn.Stephens@exemple.com
399,8,Cantu Murphy,+1 (853) 557-3685,Kellie.Gibbs@exemple.com
400,141,Alison Harrison,+1 (925) 480-3209,Carmela.Weber@exemple.com
401,98,Sharlene Townsend,+1 (971) 506-2701,Dina.Cole@exemple.com
402,28,Harvey Humphrey,+1 (918) 519-2419,Gracie.Gilbert@exemple.com
403,25,Marjorie Pena,+1 (905) 405-2779,Lawrence.Ratliff@exemple.com
404,125,Jayne Serrano,+1 (944) 571-2764,Hebert.Hendricks@exemple.com
405,19,Hewitt Grimes,+1 (967) 572-2027,Freda.Stokes@exemple.com
406,145,Miranda Knowles,+1 (861) 481-3949,Leonard.Mcpherson@exemple.com
407,73,Dennis Sloan,+1 (928) 550-3310,Sonia.Hayden@exemple.com
408,118,Parker Yates,+1 (887) 556-2748,Brooks.Mooney@exemple.com
409,11,Maddox Norton,+1 (971) 557-3126,Beasley.Medina@exemple.com
410,75,Hilary Ellis,+1 (898) 566-3511,Helen.Weaver@exemple.com
411,106,Chandler Cantu,+1 (967) 534-3642,Rosario.Dorsey@exemple.com
412,80,Ferrell Campos,+1 (820) 491-2968,Melendez.Cantrell@exemple.com
413,146,Colon Wade,+1 (890) 433-3514,Daphne.Sandoval@exemple.com
414,79,Dawson Bright,+1 (816) 483-2231,Thompson.Koch@exemple.com
415,45,Shawna Chase,+1 (974) 403-3054,Alvarado.Morrison@exemple.com
416,42,Glover Roman,+1 (984) 584-3479,Selma.Barker@exemple.com
417,123,Cannon Morgan,+1 (988) 454-3235,Washington.Mclean@exemple.com
418,115,Graciela Rice,+1 (866) 505-3282,Mcfadden.Perry@exemple.com
419,123,Allyson Fuller,+1 (950) 582-2902,Melisa.Rutledge@exemple.com
420,3,Staci Hammond,+1 (880) 544-3609,Karen.Cannon@exemple.com
421,1,Maxine Mueller,+1 (877) 490-2229,Wade.Shepard@exemple.com
422,36,Acosta Waters,+1 (832) 579-3370,Rosalinda.Olson@exemple.com
423,117,Shannon Curry,+1 (800) 546-3427,Shauna.Church@exemple.com
424,129,Dianna Snow,+1 (891) 494-2866,Gena.Ayers@exemple.com
425,139,Melba Wong,+1 (905) 566-3500,Patsy.Branch@exemple.com
426,92,Candy Kinney,+1 (985) 404-3206,Mosley.Estes@exemple.com
427,132,Hall Boyle,+1 (892) 537-3194,Barnett.Cooke@exemple.com
428,12,Berta Gentry,+1 (891) 566-2900,Griffith.Huber@exemple.com
429,122,Graham Solis,+1 (862) 436-2391,Blackwell.Murray@exemple.com
430,108,Horn Salazar,+1 (821) 592-3060,Whitney.Vincent@exemple.com
431,19,Naomi Duran,+1 (916) 451-3121,Rowe.Franco@exemple.com
432,128,Karla Fisher,+1 (882) 474-3393,Wilkerson.Berry@exemple.com
433,47,Summers Barrett,+1 (835) 559-3980,Rosa.Moses@exemple.com
434,21,Estella Myers,+1 (921) 448-2417,Vivian.Watkins@exemple.com
435,75,Cruz Allen,+1 (945) 415-3930,Nancy.Combs@exemple.com
436,46,Mcpherson Stanley,+1 (898) 590-2730,Leon.Jenkins@exemple.com
437,27,Pacheco Woodard,+1 (853) 496-2683,Jacqueline.Todd@exemple.com
438,71,Barker Barron,+1 (837) 445-3317,Burnett.Flynn@exemple.com
439,80,English Pruitt,+1 (813) 463-3325,Donna.Roberts@exemple.com
440,53,Therese David,+1 (978) 592-3721,Cora.Faulkner@exemple.com
441,85,Lois Garrett,+1 (860) 400-2906,Montoya.Goodwin@exemple.com
442,70,Leila Cherry,+1 (867) 462-2612,Ross.Mendoza@exemple.com
443,7,Teri Gregory,+1 (922) 434-2127,Fitzgerald.Hurley@exemple.com
444,135,Eva Day,+1 (965) 552-3526,Holder.Valenzuela@exemple.com
445,128,Sheena Nixon,+1 (938) 551-3687,Wynn.Harmon@exemple.com
446,79,Daniels Neal,+1 (951) 501-3826,Chase.Finley@exemple.com
447,65,Aimee Rosa,+1 (885) 472-2668,Young.Morales@exemple.com
448,84,Karina Weiss,+1 (830) 539-3921,Marilyn.Summers@exemple.com
449,52,Alexander Sparks,+1 (899) 482-2546,Shari.Mcfadden@exemple.com
450,97,Mckee Morrow,+1 (970) 502-3482,Rosie.Morton@exemple.com
451,58,Humphrey Vaughan,+1 (951) 585-3807,Cathryn.Schultz@exemple.com
452,60,Viola Jackson,+1 (934) 476-3966,Houston.Jarvis@exemple.com
453,35,Decker Reeves,+1 (825) 526-3596,Diaz.Kline@exemple.com
454,32,Santana Alexander,+1 (854) 579-2007,Downs.Sanford@exemple.com
455,62,Duke Allison,+1 (843) 583-2347,Elma.Ayala@exemple.com
456,25,Pat Craft,+1 (821) 580-2705,Witt.Mckinney@exemple.com
457,29,Romero Briggs,+1 (843) 536-3442,Francesca.Downs@exemple.com
458,89,Olsen Hatfield,+1 (939) 565-3711,Phyllis.Mckay@exemple.com
459,64,Branch Gonzalez,+1 (927) 556-3567,Matthews.Barton@exemple.com
460,28,Sofia Richards,+1 (873) 574-2611,Willie.Ortiz@exemple.com
461,133,Padilla Tran,+1 (933) 575-2311,Jacobson.Hooper@exemple.com
462,25,Jaime Britt,+1 (968) 437-3205,Elsa.Kidd@exemple.com
463,137,Wheeler Bean,+1 (829) 516-2926,Antoinette.Lindsey@exemple.com
464,116,Bobbi Fuentes,+1 (978) 507-2263,Florine.Chaney@exemple.com
465,16,Bartlett Walker,+1 (914) 558-3770,Sheree.Payne@exemple.com
466,68,Erica Wiley,+1 (865) 495-2282,Cecile.Bush@exemple.com
467,62,Rogers Chan,+1 (979) 444-2294,Kirk.Olsen@exemple.com
468,44,Alexis Gutierrez,+1 (800) 529-3860,Caroline.Hampton@exemple.com
469,101,Joanna Valencia,+1 (872) 434-2470,Church.Alford@exemple.com
470,27,Shaw Witt,+1 (819) 570-3041,Byrd.Dejesus@exemple.com
471,36,Berry Aguirre,+1 (953) 503-2444,Oneal.Daniel@exemple.com
472,143,Holly Bray,+1 (940) 532-3241,Ruby.Howard@exemple.com
473,59,Polly Hudson,+1 (854) 576-3974,Beulah.Fischer@exemple.com
474,38,Lea Gibson,+1 (878) 417-2573,Etta.Delaney@exemple.com
475,62,Turner Maldonado,+1 (834) 500-2744,Charlotte.Mcconnell@exemple.com
476,106,Ilene Mcbride,+1 (997) 519-3309,Oliver.Cleveland@exemple.com
477,112,Rosella Mayo,+1 (862) 503-3472,Kari.Stuart@exemple.com
478,13,Earnestine Hood,+1 (997) 525-2566,Hilda.Bowman@exemple.com
479,114,Kayla Haney,+1 (835) 581-3876,Brigitte.Dean@exemple.com
480,6,Tami Dunn,+1 (909) 483-3540,Berg.Shelton@exemple.com
481,99,Briana Rogers,+1 (952) 589-2479,Tran.Erickson@exemple.com
482,37,Faulkner Horton,+1 (940) 495-3911,Everett.Larson@exemple.com
483,32,Mari Andrews,+1 (981) 514-3033,Anderson.Hancock@exemple.com
484,94,Vargas Knox,+1 (978) 577-3128,Lacey.Griffin@exemple.com
485,121,Lori Reese,+1 (915) 433-3213,Delacruz.Sexton@exemple.com
486,79,Phelps Randall,+1 (978) 420-3451,Price.Merritt@exemple.com
487,74,Mcintyre Hays,+1 (872) 517-2985,Lorena.Nieves@exemple.com
488,123,Melody Delacruz,+1 (954) 556-3323,Della.Henson@exemple.com
489,147,Rochelle Baird,+1 (869) 552-3371,Hyde.Shaffer@exemple.com
490,79,Tamra Lynn,+1 (873) 573-3578,Shepard.Huff@exemple.com
491,38,Carrillo Crawford,+1 (917) 530-2397,Hattie.Kane@exemple.com
492,69,Helene Higgins,+1 (836) 458-3793,Velez.Farley@exemple.com
493,67,Leonor Ingram,+1 (998) 422-2822,Shawn.Page@exemple.com
494,124,Obrien Ortega,+1 (958) 575-2229,Trina.Emerson@exemple.com
495,125,Doyle Owen,+1 (960) 577-2522,Carole.Manning@exemple.com
496,23,Barlow Brown,+1 (879) 417-2135,Saundra.Stanton@exemple.com
497,33,Dorsey Chavez,+1 (840) 481-3370,Greene.Cruz@exemple.com
498,96,Kristen Lindsay,+1 (822) 538-2785,Angelita.Acosta@exemple.com
499,79,Lavonne George,+1 (851) 516-2137,Madeline.Joyner@exemple.com
500,71,Rodgers Raymond,+1 (836) 438-3923,Donaldson.Jensen@exemple.com
501,140,Sadie Delgado,+1 (928) 438-2690,Maude.Cochran@exemple.com
502,136,Lenora Whitaker,+1 (834) 508-3600,Meredith.Arnold@exemple.com
503,29,Rutledge Sykes,+1 (821) 468-2157,Eddie.Patrick@exemple.com
504,114,Guthrie Short,+1 (879) 448-2357,Allison.Travis@exemple.com
505,54,Cheri Blankenship,+1 (970) 462-3221,Simone.Kelley@exemple.com
506,72,Emma Bishop,+1 (921) 481-2823,Riggs.Mason@exemple.com
507,58,Debra Bernard,+1 (827) 511-3445,Violet.Blanchard@exemple.com
508,24,Mcgowan Harvey,+1 (813) 520-3929,Christi.Bowen@exemple.com
509,20,Shaffer Velasquez,+1 (896) 510-2608,Morales.Tyler@exemple.com
510,145,Gabrielle Spence,+1 (983) 447-3343,England.Roberson@exemple.com
511,140,Laurie Kirkland,+1 (822) 542-2007,Madelyn.Goodman@exemple.com
512,67,Hazel Brooks,+1 (988) 561-3843,Caitlin.Trujillo@exemple.com
513,125,Kristie Gilmore,+1 (992) 509-2325,Candace.Kent@exemple.com
514,72,Leola Keith,+1 (962) 568-2484,Trujillo.White@exemple.com
515,30,Clark Holloway,+1 (939) 456-3640,Langley.Garza@exemple.com
516,78,Sylvia Ruiz,+1 (917) 553-2747,Glenda.Sweeney@exemple.com
517,33,Reese Griffith,+1 (926) 589-3987,Aurora.Conway@exemple.com
518,122,Lawson Hale,+1 (865) 491-3848,Aguilar.Lane@exemple.com
519,131,Virgie Fitzpatrick,+1 (999) 498-2139,Bright.Kirk@exemple.com
520,98,Chen Wallace,+1 (932) 512-3299,Vasquez.Cooper@exemple.com
521,126,Glass Rojas,+1 (809) 505-2000,Richmond.Burgess@exemple.com
522,57,Martin Mclaughlin,+1 (937) 556-2557,Haney.Boone@exemple.com
523,104,Louisa Owens,+1 (851) 432-2229,Jannie.Hines@exemple.com
524,34,Angelique Duncan,+1 (953) 559-3904,Mccray.Bauer@exemple.com
525,79,Weiss Webster,+1 (857) 520-2715,George.Small@exemple.com
526,30,Yates Willis,+1 (980) 510-2702,Little.Hall@exemple.com
527,95,Brock Sharpe,+1 (924) 451-2811,Delgado.Forbes@exemple.com
528,38,Cooley Sullivan,+1 (819) 543-2405,Nell.Mcmahon@exemple.com
529,146,Prince Hensley,+1 (910) 441-3694,Clarice.Cline@exemple.com
530,32,Rojas Hoover,+1 (836) 518-2764,Dominique.Rivera@exemple.com
531,19,Hallie Rasmussen,+1 (892) 434-2698,Calhoun.Dillard@exemple.com
532,22,Francine Silva,+1 (822) 449-3917,Sheryl.Nicholson@exemple.com
533,42,Marian Hayes,+1 (911) 422-3518,Consuelo.Coffey@exemple.com
534,25,Claire Clarke,+1 (980) 473-2376,Sue.Hendrix@exemple.com
535,71,Johns Goff,+1 (922) 579-3487,Molina.Haynes@exemple.com
536,88,Kerri Cooley,+1 (836) 599-2264,Navarro.Harrell@exemple.com
537,29,Cleveland Donovan,+1 (988) 469-3132,Peck.Dalton@exemple.com
538,90,Johnston Cohen,+1 (823) 419-2039,Ernestine.Tate@exemple.com
539,92,Elvia Hopper,+1 (914) 464-2270,Concetta.Henry@exemple.com
540,64,Eula Leon,+1 (993) 596-3803,Cindy.Cobb@exemple.com
541,60,Pate Hickman,+1 (835) 502-2334,Cherie.Spencer@exemple.com
542,146,Dejesus Levine,+1 (850) 551-3975,Barrett.King@exemple.com
543,149,Rhea Copeland,+1 (999) 469-3492,Merle.Valentine@exemple.com
544,135,Hines Cardenas,+1 (990) 450-2243,Marcia.Dyer@exemple.com
545,102,Latasha Petty,+1 (942) 440-2287,Charity.Head@exemple.com
546,67,Newton Zamora,+1 (881) 461-2521,Fox.Orr@exemple.com
547,84,Juana Holcomb,+1 (937) 493-2469,Victoria.Mullins@exemple.com
548,42,Rasmussen Wiggins,+1 (939) 473-3740,Wooten.Welch@exemple.com
549,104,Muriel Gordon,+1 (918) 483-2944,Nelson.Meyers@exemple.com
550,13,Charlene Dillon,+1 (974) 429-3668,Tricia.Kelly@exemple.com
551,22,Tracey Golden,+1 (875) 411-2279,Hamilton.Nunez@exemple.com
552,99,Bridget Juarez,+1 (959) 470-2914,Gamble.Knapp@exemple.com
553,57,Benjamin Lloyd,+1 (833) 499-3686,Williams.Woodward@exemple.com
554,70,Cole Fulton,+1 (855) 421-2977,Miranda.Blair@exemple.com
555,118,Valdez Mcintyre,+1 (962) 586-3472,Terry.Estrada@exemple.com
556,13,Quinn Wall,+1 (963) 414-2496,Sherry.Calderon@exemple.com
557,33,Hurst Soto,+1 (833) 563-2354,Amber.Savage@exemple.com
558,11,Tisha Daugherty,+1 (833) 600-3244,Griffin.Garner@exemple.com
559,37,Joann Riggs,+1 (846) 506-2837,Augusta.Greene@exemple.com
560,40,Chaney Hernandez,+1 (891) 595-3940,Dixon.Newman@exemple.com
561,77,Marks Patel,+1 (838) 592-3576,Roberson.Carpenter@exemple.com
562,142,Camacho Pickett,+1 (889) 506-3740,Nettie.Terry@exemple.com
563,38,Lesa Hamilton,+1 (853) 410-2573,Anthony.Snyder@exemple.com
564,30,Mcgee Valdez,+1 (836) 534-3012,Rachael.Dickson@exemple.com
565,145,Cobb Guy,+1 (807) 477-3636,Cecilia.Vargas@exemple.com
566,134,Albert Mcguire,+1 (867) 460-2131,Bolton.Gray@exemple.com
567,99,Stewart Fleming,+1 (911) 462-3150,Gay.Carey@exemple.com
568,118,Ina Vasquez,+1 (974) 487-3940,Lily.Gross@exemple.com
569,103,Elisa Foreman,+1 (994) 557-3736,Drake.Cook@exemple.com
570,113,Marianne Stout,+1 (892) 436-3194,Paul.Mcgowan@exemple.com
571,126,Randolph Collins,+1 (881) 583-3140,Dana.Oneill@exemple.com
572,63,Dyer Compton,+1 (813) 559-3252,Barry.Tyson@exemple.com
573,22,Jenna Rose,+1 (921) 474-3923,Kristy.Webb@exemple.com
574,137,Liza Wilder,+1 (853) 496-3291,Melton.Acevedo@exemple.com
575,132,Alisa Porter,+1 (834) 562-2666,Adrian.Gardner@exemple.com
576,6,Tamara Cain,+1 (919) 556-3050,Callahan.Schmidt@exemple.com
577,149,Hunt Obrien,+1 (813) 576-2701,Kirkland.Stone@exemple.com
578,18,Esperanza Kramer,+1 (870) 537-3515,Denise.Chandler@exemple.com
579,82,Paige Flowers,+1 (954) 573-3228,Darlene.Franklin@exemple.com
580,118,Tasha Guerra,+1 (921) 457-3922,Villarreal.Nolan@exemple.com
581,44,Ingrid English,+1 (808) 591-3280,Chavez.Mcdowell@exemple.com
582,83,Kent Poole,+1 (917) 468-3681,Sallie.Lowery@exemple.com
583,15,Jordan Ray,+1 (972) 493-2334,Douglas.Gates@exemple.com
584,94,Booth Beasley,+1 (873) 583-3606,Hess.Salinas@exemple.com
585,142,Hensley Mcknight,+1 (977) 406-3835,Lillian.Douglas@exemple.com
586,41,Harriet Bonner,+1 (842) 580-3240,Leblanc.Noel@exemple.com
587,127,Mcconnell Frost,+1 (891) 410-3633,Sharron.Decker@exemple.com
588,58,Eunice Long,+1 (896) 537-3627,Sarah.Berg@exemple.com
589,5,Juliette Pace,+1 (904) 508-3676,Araceli.Park@exemple.com
590,70,Kemp Castro,+1 (859) 465-3103,Sheri.Potts@exemple.com
591,50,Mccarty Perkins,+1 (986) 580-2785,Mandy.Browning@exemple.com
592,140,Ava Hodge,+1 (964) 406-3130,Sims.Hyde@exemple.com
593,146,Enid Joyce,+1 (865) 474-3164,Jerri.Vaughn@exemple.com
594,132,Jeanie Brock,+1 (973) 470-2431,Mccormick.Schroeder@exemple.com
595,57,Garrett Fletcher,+1 (897) 532-3100,Amy.Parrish@exemple.com
596,140,Morgan Rivas,+1 (808) 586-3352,Becky.Santos@exemple.com
597,18,Judith Haley,+1 (962) 558-2754,Mary.Bradford@exemple.com
598,75,Keith Banks,+1 (952) 441-2985,Armstrong.Pacheco@exemple.com
599,20,Bianca Key,+1 (916) 416-3436,Gibbs.Ballard@exemple.com
600,4,Russo Macias,+1 (961) 587-2173,Campbell.Booth@exemple.com
601,112,Hobbs Dudley,+1 (901) 531-2076,Boyd.Shannon@exemple.com
602,54,Tabitha Velazquez,+1 (875) 510-2243,Ruth.Sampson@exemple.com
603,44,Olson Lambert,+1 (932) 410-3179,Tanisha.Donaldson@exemple.com
604,56,Hendricks Osborne,+1 (801) 468-3981,Weaver.James@exemple.com
605,27,Jeannie Butler,+1 (912) 547-3391,Gutierrez.Mccall@exemple.com
606,116,Stark Mosley,+1 (942) 515-3257,Peters.Steele@exemple.com
607,69,Santos Bond,+1 (938) 583-3588,Wilma.West@exemple.com
608,53,Ball Vazquez,+1 (877) 519-2540,Horne.Clements@exemple.com
609,54,Ratliff Mcclure,+1 (991) 570-3147,Woodard.Pennington@exemple.com
610,31,Lottie Ramsey,+1 (845) 462-3091,Jacklyn.Smith@exemple.com
611,128,Mays Peterson,+1 (885) 466-3333,Pena.Cox@exemple.com
612,15,Cristina Sharp,+1 (883) 572-2754,Angie.Pate@exemple.com
613,1,Briggs Bartlett,+1 (958) 456-2639,Carlene.Gaines@exemple.com
614,80,Hooper Christensen,+1 (875) 563-2186,Celeste.Hodges@exemple.com
615,6,Bell Daniels,+1 (870) 496-2850,Tyson.Riley@exemple.com
616,82,Nanette Holt,+1 (836) 410-2230,Herman.Chen@exemple.com
617,28,Bush Lang,+1 (824) 536-3948,Holt.Wyatt@exemple.com
618,92,Tara Camacho,+1 (895) 408-2650,Cassie.Barry@exemple.com
619,63,Jamie Odom,+1 (912) 469-2239,Yang.Watts@exemple.com
620,117,Lott Gould,+1 (838) 530-3684,Joyce.Charles@exemple.com
621,104,Soto Christian,+1 (999) 469-3541,Ines.Burris@exemple.com
622,6,Susan Howe,+1 (927) 559-2511,Marissa.Conrad@exemple.com
623,107,Cain Hughes,+1 (808) 405-3098,Brandy.Pollard@exemple.com
624,108,Vickie Martinez,+1 (831) 463-2555,Workman.Kerr@exemple.com
625,95,Bradshaw Kemp,+1 (887) 550-3648,Carol.Mack@exemple.com
626,49,Lucille Howell,+1 (925) 560-3077,Katina.Rowe@exemple.com
627,111,Park Lyons,+1 (823) 595-3143,Abigail.Clay@exemple.com
628,51,Ramona Hogan,+1 (823) 414-2243,Krista.Reid@exemple.com
629,88,Socorro Petersen,+1 (984) 504-2709,Dickerson.Mcdonald@exemple.com
630,50,Merrill Pugh,+1 (809) 581-2512,Lyons.Fox@exemple.com
631,61,Moses Noble,+1 (992) 501-3446,Logan.Greer@exemple.com
632,83,Alice Bradshaw,+1 (826) 554-3795,Vicki.Walter@exemple.com
633,121,Alvarez Yang,+1 (841) 415-3869,Gladys.Austin@exemple.com
634,64,Reynolds Livingston,+1 (998) 449-2535,Michael.Sears@exemple.com
635,10,Marshall Suarez,+1 (845) 479-2735,Guerrero.Phillips@exemple.com
636,116,Marquez Ware,+1 (973) 600-3943,Mcdaniel.Lawrence@exemple.com
637,45,Combs Harris,+1 (859) 529-3272,Lynda.Berger@exemple.com
638,2,Rodriguez Rivers,+1 (871) 523-3959,Snyder.Wise@exemple.com
639,27,Lesley Harper,+1 (990) 554-2880,Abbott.Winters@exemple.com
640,43,Garner Cabrera,+1 (995) 461-3257,Garcia.Peck@exemple.com
641,25,Abby Wheeler,+1 (999) 588-2534,Cynthia.Mathews@exemple.com
642,130,Ryan Newton,+1 (953) 533-3224,Dalton.Stephenson@exemple.com
643,61,Schwartz Mcleod,+1 (830) 575-2273,Hale.Riddle@exemple.com
644,25,Jensen Castillo,+1 (888) 443-3899,Pennington.Russell@exemple.com
645,85,Owen Phelps,+1 (889) 443-2534,Coleen.Green@exemple.com
646,144,Maureen Blackwell,+1 (811) 565-2340,Knapp.Workman@exemple.com
647,64,Peggy Gilliam,+1 (980) 517-2540,Anna.Jennings@exemple.com
648,76,Irwin Burnett,+1 (843) 570-2164,Crane.Harrington@exemple.com
649,13,French Kennedy,+1 (828) 426-3782,Georgette.Holland@exemple.com
650,129,Nunez Castaneda,+1 (854) 472-3390,Sally.Schneider@exemple.com
651,16,James Rodriguez,+1 (996) 476-2390,Dunn.Carr@exemple.com
652,111,Rhoda Brady,+1 (959) 549-2034,Juanita.Price@exemple.com
653,121,Cline Turner,+1 (965) 585-2844,Crosby.Jefferson@exemple.com
654,79,Duran Monroe,+1 (930) 423-3538,Mildred.Wolfe@exemple.com
655,45,Sweet Hopkins,+1 (907) 422-3356,Pamela.Mccarty@exemple.com
656,63,Rhodes Justice,+1 (850) 530-3657,Boone.Fowler@exemple.com
657,130,Suzanne Casey,+1 (910) 502-2913,Selena.Ashley@exemple.com
658,123,Nixon Leblanc,+1 (966) 563-3639,Amalia.Ramirez@exemple.com
659,60,Zelma Evans,+1 (950) 537-3430,Opal.Frederick@exemple.com
660,93,Pansy Maddox,+1 (905) 544-2435,Carrie.Massey@exemple.com
661,116,Brown Reyes,+1 (884) 413-2469,Butler.Padilla@exemple.com
662,62,Joni Walters,+1 (875) 591-3872,Jennings.Best@exemple.com
663,33,Henderson Weeks,+1 (976) 523-3800,Audrey.Hahn@exemple.com
664,118,Goldie Mckee,+1 (878) 533-3121,Lucile.Blake@exemple.com
665,64,Alyssa Tillman,+1 (967) 508-3233,Gould.Leonard@exemple.com
666,1,York Velez,+1 (835) 529-3694,Pearson.Hill@exemple.com
667,14,Jeri Francis,+1 (984) 437-3995,Gay.Bates@exemple.com
668,119,Short Diaz,+1 (829) 419-2743,Josephine.Kim@exemple.com
669,125,Susanne Kirby,+1 (967) 513-3950,Hampton.Parker@exemple.com
670,45,Parks Waller,+1 (956) 540-3494,Koch.Benjamin@exemple.com
671,24,Sonya Lancaster,+1 (860) 408-2988,Allie.Pitts@exemple.com
672,120,Vega Mitchell,+1 (948) 425-2478,Kelsey.Robbins@exemple.com
673,141,Arline Oneal,+1 (900) 466-2028,Natalie.Oneil@exemple.com
674,102,Medina Becker,+1 (958) 451-3167,Leah.Atkinson@exemple.com
675,143,Dora Tucker,+1 (882) 600-2278,Dale.Baldwin@exemple.com
676,65,Madge Nguyen,+1 (935) 493-3368,Wright.Anthony@exemple.com
677,53,Simpson Ewing,+1 (915) 406-3009,Osborne.Knight@exemple.com
678,52,Walsh French,+1 (948) 411-2090,Dionne.Simpson@exemple.com
679,74,Kaufman Doyle,+1 (908) 517-3379,Alexandria.Everett@exemple.com
680,71,Salazar Morris,+1 (935) 513-3172,Wilcox.Benton@exemple.com
681,37,Tanner Hinton,+1 (904) 544-2889,Lowe.Jordan@exemple.com
682,9,Livingston Durham,+1 (924) 582-2551,Moran.Burks@exemple.com
683,140,Farrell Hicks,+1 (912) 457-3380,Tameka.Richard@exemple.com
684,99,Lancaster Callahan,+1 (854) 469-3476,Golden.Villarreal@exemple.com
685,76,Leach Herman,+1 (938) 600-3595,Carroll.Lester@exemple.com
686,99,Macias Terrell,+1 (998) 400-2392,Lillie.Dale@exemple.com
687,101,Waller Sweet,+1 (823) 558-3477,Kerry.Hull@exemple.com
688,25,Elena Burke,+1 (945) 577-2940,Benson.Mathis@exemple.com
689,63,Marcy Munoz,+1 (928) 538-3917,Roxanne.Baker@exemple.com
690,71,Kathryn Nelson,+1 (977) 408-3626,Luna.Oliver@exemple.com
691,26,Petersen Alvarado,+1 (802) 483-2107,Natasha.Carlson@exemple.com
692,13,May Collier,+1 (809) 558-3489,Webster.Odonnell@exemple.com
693,27,Tia Logan,+1 (902) 535-2666,Marsha.Singleton@exemple.com
694,117,Sparks Ellison,+1 (818) 514-3890,Gina.Graves@exemple.com
695,107,Jasmine Alvarez,+1 (924) 569-2689,Stacey.Wilkinson@exemple.com
696,91,Luisa Lawson,+1 (822) 571-3372,Cathleen.Merrill@exemple.com
697,19,Barron Floyd,+1 (986) 406-3797,Tracy.Henderson@exemple.com
698,36,Rosalind Peters,+1 (896) 409-3778,Petra.Hanson@exemple.com
699,64,Harrington Walton,+1 (885) 577-2686,Tanya.Barnett@exemple.com
700,29,Mendoza Good,+1 (849) 527-2711,Cherry.Morse@exemple.com
701,85,Frankie Herring,+1 (944) 598-3218,Lorene.Guerrero@exemple.com
702,45,Glenna Dawson,+1 (879) 413-2302,Parsons.Gay@exemple.com
703,132,Luz Wynn,+1 (850) 429-3670,House.Houston@exemple.com
704,127,Deana Jacobs,+1 (810) 568-3152,Mcclain.Cross@exemple.com
705,119,Natalia Little,+1 (914) 537-2451,Janine.Eaton@exemple.com
706,94,Sonja Thompson,+1 (839) 495-3386,Casandra.Prince@exemple.com
707,40,Martina Morin,+1 (946) 470-2603,Vonda.Clemons@exemple.com
708,130,Leslie Jacobson,+1 (990) 524-2742,Michele.Grant@exemple.com
709,5,Bender Saunders,+1 (912) 408-3567,Chan.Bruce@exemple.com
710,13,Gallagher Marks,+1 (969) 478-3738,Brewer.Mcgee@exemple.com
711,19,Jacquelyn Clark,+1 (882) 558-2174,Stacy.Giles@exemple.com
712,131,Terrie Paul,+1 (848) 456-3362,Lupe.Moon@exemple.com
713,52,Patti Reynolds,+1 (931) 402-3873,Wilson.Gill@exemple.com
714,67,Mercado Maxwell,+1 (906) 566-2204,Adela.Vinson@exemple.com
715,73,Mara Santana,+1 (908) 495-2041,Deloris.Mcfarland@exemple.com
716,27,Guzman Powell,+1 (937) 411-3726,Haynes.Stafford@exemple.com
717,17,Atkinson Rodgers,+1 (950) 400-2890,Fulton.Nielsen@exemple.com
718,2,Ginger Baxter,+1 (919) 438-2602,Edna.Salas@exemple.com
719,89,Sandy Wooten,+1 (911) 533-3583,Lizzie.Atkins@exemple.com
720,99,Theresa Mckenzie,+1 (896) 555-2718,Nadine.Barr@exemple.com
721,34,Samantha Sutton,+1 (957) 438-3794,Annmarie.Pearson@exemple.com
722,22,Lessie Cortez,+1 (837) 433-3619,Castaneda.Miller@exemple.com
723,55,Robin Buckner,+1 (909) 408-3751,Alyson.Talley@exemple.com
724,57,Dudley Leach,+1 (820) 453-2607,Bailey.Taylor@exemple.com
725,99,Mccullough Burch,+1 (977) 504-2141,Lucia.Blackburn@exemple.com
726,114,Paulette Sellers,+1 (831) 446-3964,Chapman.Bird@exemple.com
727,143,Bridges Deleon,+1 (833) 600-3155,Nicholson.Pittman@exemple.com
728,101,Miles Marsh,+1 (867) 537-2154,Jane.Conley@exemple.com
729,64,Queen Lott,+1 (830) 570-2513,Flynn.Hoffman@exemple.com
730,116,Cummings Guthrie,+1 (954) 591-3524,Lee.Frank@exemple.com
731,150,Jocelyn Barlow,+1 (808) 581-2036,Dorthy.Middleton@exemple.com
732,85,Rita Mann,+1 (932) 402-3276,Bird.Pope@exemple.com
733,46,Baxter Whitney,+1 (913) 427-3046,Carolina.Thornton@exemple.com
734,130,Herring Shaw,+1 (950) 600-2042,Jerry.Sosa@exemple.com
735,43,Margo Randolph,+1 (899) 421-3705,Watkins.Rosales@exemple.com
736,62,Sloan York,+1 (954) 556-2532,Mattie.Beard@exemple.com
737,55,Marion Solomon,+1 (963) 586-3332,Stella.Bass@exemple.com
738,118,Melanie Mcneil,+1 (940) 413-2015,Clay.Hobbs@exemple.com
739,136,Jeannine Torres,+1 (843) 566-3384,David.Miles@exemple.com
740,42,Rebecca Joseph,+1 (893) 448-3763,Lora.Bryant@exemple.com
741,34,Curry Robles,+1 (815) 418-3970,Christy.Aguilar@exemple.com
742,27,Adele Hester,+1 (813) 493-2929,Christa.Mccoy@exemple.com
743,140,Britney Keller,+1 (977) 488-3625,Lorna.Richardson@exemple.com
744,139,Osborn Ball,+1 (976) 500-3383,Lakisha.Herrera@exemple.com
745,20,Mamie May,+1 (809) 478-2945,Farley.Carroll@exemple.com
746,51,Janice Reilly,+1 (869) 457-3920,Burks.Burton@exemple.com
747,65,Lara Edwards,+1 (973) 486-3100,Erika.Vega@exemple.com
748,71,Bernadette Fields,+1 (806) 559-2903,Bishop.Lara@exemple.com
749,91,Payne Hartman,+1 (872) 469-3117,Holland.Heath@exemple.com
750,2,Dixie Gallegos,+1 (880) 600-3110,Velazquez.Watson@exemple.com
751,28,Sherrie Hart,+1 (973) 545-3643,Lucy.Shepherd@exemple.com
752,144,Angelina Sheppard,+1 (919) 588-2930,Mooney.Love@exemple.com
753,149,Kline Brewer,+1 (996) 567-2023,Mable.Marshall@exemple.com
754,17,Savannah Jimenez,+1 (887) 442-3371,Haley.Swanson@exemple.com
755,100,Aisha Parsons,+1 (945) 403-2720,Scott.Byrd@exemple.com
756,49,Emily Washington,+1 (882) 515-3606,Addie.Vang@exemple.com
757,59,Yolanda Quinn,+1 (845) 545-3926,Perkins.Hardy@exemple.com
758,44,Margie Hutchinson,+1 (991) 556-2244,Doreen.Brennan@exemple.com
759,20,Walters Freeman,+1 (915) 527-2006,Gloria.Gallagher@exemple.com
760,142,Flores Maynard,+1 (844) 467-2016,Carmella.Cameron@exemple.com
761,63,Madeleine Klein,+1 (946) 494-2405,Leigh.Rhodes@exemple.com
762,58,Hubbard Nash,+1 (842) 589-2914,Dorothea.Mccarthy@exemple.com
763,128,Claudette Gonzales,+1 (857) 474-3835,Lane.Rocha@exemple.com
764,35,Reeves Cummings,+1 (894) 583-3267,Nannie.Gamble@exemple.com
765,33,Andrea Carrillo,+1 (805) 504-2856,Marci.Harding@exemple.com
766,106,Delores Landry,+1 (839) 544-2278,Connie.Farrell@exemple.com
767,86,Lila Cote,+1 (880) 535-3887,Joyner.Barrera@exemple.com
768,135,Perez Moody,+1 (817) 443-3069,Bentley.Zimmerman@exemple.com
769,87,Margery Black,+1 (875) 499-3587,Amparo.Mays@exemple.com
770,8,Bridgett Montoya,+1 (889) 470-3654,Dillard.Moss@exemple.com
771,37,Ferguson Fry,+1 (925) 412-2688,Rachelle.Mayer@exemple.com
772,41,Hahn Sanchez,+1 (996) 479-3048,Frye.Duke@exemple.com
773,70,Joy Hunt,+1 (859) 497-3415,Sheppard.Coleman@exemple.com
774,66,Brandie Martin,+1 (828) 469-2010,Roman.Ward@exemple.com
775,77,Hammond Barnes,+1 (889) 571-2560,Desiree.Reed@exemple.com
776,9,Hill Slater,+1 (966) 569-2508,Singleton.Patterson@exemple.com
777,15,Cooper Richmond,+1 (818) 533-2280,Priscilla.Mills@exemple.com
778,128,Puckett Chapman,+1 (839) 534-3380,Wallace.Davis@exemple.com
779,68,Adriana Montgomery,+1 (971) 528-2267,Oconnor.England@exemple.com
780,98,Meghan Sims,+1 (885) 513-2386,Lynn.Fernandez@exemple.com
781,72,West Warner,+1 (997) 565-2980,Hardy.Norris@exemple.com
782,61,Phoebe Preston,+1 (860) 433-3400,Deena.Langley@exemple.com
783,100,Mercedes Whitehead,+1 (831) 482-3484,Johnnie.Bryan@exemple.com
784,134,Donovan Hansen,+1 (846) 469-3239,Beard.Bolton@exemple.com
785,60,Carr Farmer,+1 (811) 580-2935,Rowland.Wilkerson@exemple.com
786,62,Rosemarie Roth,+1 (979) 543-3440,Janell.Lowe@exemple.com
787,40,Tessa Mcmillan,+1 (941) 583-2425,Sharpe.Thomas@exemple.com
788,2,Megan Guzman,+1 (814) 447-2343,Key.Ferguson@exemple.com
789,122,Burton Scott,+1 (905) 598-2140,Bertha.Meyer@exemple.com
