id,firstName,lastName,username,birthdate,address,password,mail,role,photo,phone
0,Christensen,Hansen,Mia Boyd,1946-08-17,"785 Hutchinson Court, Cetronia, West Virginia, 6108",password,Maude.Horn@exemple.com,0,user_photo.png,055612942
1,Joseph,Charles,Mullen Delaney,1935-10-22,"882 Provost Street, Coloma, Maine, 1855",password,Phillips.Church@exemple.com,0,user_photo.png,051822926
2,Rich,Snyder,Richard Craig,1997-10-08,"923 Vermont Street, Bourg, Federated States Of Micronesia, 7593",password,Lelia.Hutchinson@exemple.com,0,user_photo.png,088152359
3,Cantrell,Gaines,Maryellen Richmond,1958-11-18,"355 Chestnut Street, Ferney, Utah, 7073",password,Loretta.Kennedy@exemple.com,0,user_photo.png,084693237
4,Reilly,Mcgee,Sabrina Kelly,1958-01-22,"280Seton Place, Falconaire, Arkansas, 9468",password,Vicki.Parker@exemple.com,0,user_photo.png,057624418
5,Andrews,Shields,Houston Witt,1985-12-15,"178 Ingraham Street, Vowinckel, Texas, 3895",password,Gallegos.Griffin@exemple.com,0,user_photo.png,073949795
6,Spencer,Wilder,Bridgette Yates,1963-06-08,"818 Manhattan Court, Waverly, Kentucky, 2805",password,Boyer.Knight@exemple.com,0,user_photo.png,068347588
7,Payne,Rogers,Vickie Hawkins,2006-10-06,"378 Dictum Court, Sisquoc, Georgia, 3645",password,Rosa.Kane@exemple.com,0,user_photo.png,027225916
8,Diane,Bean,Osborn Edwards,1989-09-24,"112 Meeker Avenue, Charco, Kansas, 2357",password,Hutchinson.Everett@exemple.com,0,user_photo.png,081551272
9,Cox,Warren,Gibson Cash,1975-06-29,"334 Ditmars Street, Crown, Florida, 4901",password,Barrera.Emerson@exemple.com,0,user_photo.png,085964871
10,Marion,Schmidt,Conway Welch,1999-01-10,"840Bedford Avenue, Tioga, District Of Columbia, 9787",password,Hopper.Mills@exemple.com,0,user_photo.png,054234489
11,Imelda,Juarez,Brittany Alvarez,2004-10-24,"440Seagate Avenue, Lydia, Louisiana, 5889",password,Marshall.Monroe@exemple.com,0,user_photo.png,052427591
12,Fern,Gillespie,Harrell Hancock,1994-01-18,"947 John Street, Iberia, Hawaii, 8183",password,Tucker.Farrell@exemple.com,0,user_photo.png,082443446
13,Park,Pace,Wilkerson Flowers,1922-04-12,"124 Melrose Street, Mayfair, Montana, 437",password,Crane.Solis@exemple.com,0,user_photo.png,015184652
14,Carr,Montoya,Marla Justice,2006-07-17,"406 Landis Court, Nile, Virginia, 3076",password,Johanna.Christian@exemple.com,0,user_photo.png,024798489
15,Shaw,Schneider,Lynn Robinson,1975-11-09,"724 Jackson Court, Martell, Idaho, 9397",password,Susana.Nguyen@exemple.com,0,user_photo.png,051334779
16,Robertson,Coffey,Chase Harris,1966-03-08,"808 Jay Street, Grenelefe, Missouri, 3081",password,Fowler.Robertson@exemple.com,0,user_photo.png,038242269
17,Rosemarie,Munoz,Autumn Duke,2013-03-25,"266 Main Street, Malott, Colorado, 4540",password,Alberta.Merrill@exemple.com,0,user_photo.png,016347415
18,Goodwin,Hoover,Stanley Reilly,1973-07-05,"724 Coffey Street, Dodge, Northern Mariana Islands, 930",password,House.Freeman@exemple.com,0,user_photo.png,096134567
19,Elma,Garrett,Rhodes Hyde,2013-08-12,"275 Dearborn Court, Crisman, Washington, 7551",password,Delgado.Maddox@exemple.com,0,user_photo.png,022594735
20,Adkins,Mcclure,Polly Sweeney,1956-05-25,"981 Dahill Road, Ronco, Oregon, 9765",password,Mcintosh.Rios@exemple.com,0,user_photo.png,013658695
21,Kaufman,Carson,Bonnie Goff,1973-07-18,"564 Caton Avenue, Oberlin, Mississippi, 6424",password,Lucinda.Daniel@exemple.com,0,user_photo.png,022428487
22,Patel,Head,Tommie Mcmillan,1920-08-21,"226 Eagle Street, Emory, Puerto Rico, 9666",password,Josefa.Goodman@exemple.com,0,user_photo.png,013539569
23,Galloway,Flynn,Doyle Sharpe,2003-03-23,"102 Polhemus Place, Coaldale, Pennsylvania, 9068",password,Cannon.Wynn@exemple.com,0,user_photo.png,073363153
24,Fleming,Farley,Phoebe Benjamin,1998-05-19,"305 Monroe Place, Soham, Marshall Islands, 2652",password,Patterson.Buck@exemple.com,0,user_photo.png,098113289
25,Cohen,Dyer,Dawn Keith,1959-01-07,"372 Wakeman Place, Beason, Vermont, 5970",password,Gale.Hendrix@exemple.com,0,user_photo.png,044863726
26,Esther,Finley,Jeanie Garza,2015-04-05,"472 Claver Place, Lowell, Ohio, 7778",password,Noreen.Wade@exemple.com,0,user_photo.png,064519386
27,Morin,Parks,Stokes Berger,2007-10-09,"776 Balfour Place, Nogal, Massachusetts, 9253",password,Guerra.Cote@exemple.com,0,user_photo.png,046863443
28,Fox,Byers,Manuela Bolton,2008-05-10,"248 Winthrop Street, Jessie, Alaska, 4460",password,Eaton.Stout@exemple.com,0,user_photo.png,084744514
29,Esmeralda,Lynch,Cobb Hampton,1946-02-21,"318 Beard Street, Sunwest, Oklahoma, 568",password,Cynthia.Vazquez@exemple.com,0,user_photo.png,033691486
30,Snider,Jensen,Warren Parrish,2007-10-07,"407 Grove Street, Warren, Tennessee, 7805",password,Ballard.Logan@exemple.com,0,user_photo.png,013734541
31,Ladonna,Hendricks,Shauna Cunningham,1977-02-14,"462 Anna Court, Benson, Delaware, 921",password,Roberta.Gay@exemple.com,0,user_photo.png,015937253
32,Santana,Mcdaniel,Mcgowan Fulton,1958-09-30,"257 Hegeman Avenue, Brownlee, New York, 8342",password,Rene.Davidson@exemple.com,0,user_photo.png,039145541
33,Raquel,Woodard,Kent Bauer,1988-03-22,"994 Pierrepont Place, Macdona, North Dakota, 5612",password,Le.Gardner@exemple.com,0,user_photo.png,099488736
34,Barr,Henson,Patrica Mckinney,1978-11-27,"958 Nova Court, Fivepointville, Maryland, 624",password,Alicia.Workman@exemple.com,0,user_photo.png,026555747
35,Lesa,Henry,Pearson Vinson,1930-04-20,"605 Knickerbocker Avenue, Westmoreland, Illinois, 6363",password,Bonita.Battle@exemple.com,0,user_photo.png,068656669
36,Tabitha,Waller,Ratliff Young,2012-07-28,"430Fulton Street, Madaket, Indiana, 9151",password,Pansy.Blake@exemple.com,0,user_photo.png,047186855
37,Logan,Frederick,Lane Beach,2010-08-04,"799 Hendrickson Place, Dargan, Michigan, 8013",password,Velez.Duran@exemple.com,0,user_photo.png,054787658
38,Serena,Burton,Lee Hinton,1993-08-30,"530Lawrence Street, Witmer, Arizona, 7082",password,Mccarthy.Crosby@exemple.com,0,user_photo.png,047324341
39,Stephenson,Holt,Gabrielle Bishop,1930-04-30,"782 Strong Place, Tooleville, Palau, 6209",password,Nettie.Wise@exemple.com,0,user_photo.png,043817687
40,Martha,Burch,Chandler Woods,2016-12-03,"602 Forrest Street, Moraida, Nebraska, 5049",password,Fisher.Hodge@exemple.com,0,user_photo.png,012359265
41,Skinner,Koch,Morrow Alexander,1999-05-06,"832 Garden Place, Bennett, Guam, 351",password,Wheeler.Hurst@exemple.com,0,user_photo.png,051719498
42,Madden,Carter,Jones Bernard,1992-12-27,"879 Brigham Street, Sugartown, Connecticut, 3101",password,Angelina.Elliott@exemple.com,0,user_photo.png,028957874
43,Barry,Savage,Twila Mckenzie,2006-04-23,"335 Cadman Plaza, Makena, Minnesota, 4684",password,Horton.Fitzgerald@exemple.com,0,user_photo.png,095473566
44,Suzette,Michael,Walter Olsen,2010-03-31,"145 Green Street, Dubois, Wisconsin, 9626",password,Duffy.Jacobs@exemple.com,0,user_photo.png,046823474
45,Bridges,Jarvis,Wong Clemons,2006-05-09,"151 Perry Place, Delshire, South Carolina, 883",password,Ilene.Horton@exemple.com,0,user_photo.png,033533349
46,Summer,Mercer,Conrad Finch,1965-12-10,"717 Havemeyer Street, Homeland, California, 4033",password,Rivers.Gentry@exemple.com,0,user_photo.png,016193643
47,Lucia,Rodriquez,Alisa Barry,1975-01-30,"624 Strauss Street, Sunriver, Rhode Island, 2744",password,Blackwell.Smith@exemple.com,0,user_photo.png,094959661
48,Edwina,Sexton,Fuller Carroll,1984-04-30,"251 Hart Street, Glenville, New Jersey, 5371",password,Pauline.Short@exemple.com,0,user_photo.png,064488693
49,Leonard,Ellison,Ophelia Reyes,2009-09-26,"909 Gerald Court, Ernstville, Wyoming, 9562",password,Alisha.Donaldson@exemple.com,0,user_photo.png,082278675
50,Leah,Coleman,Hinton Hubbard,1984-12-31,"336 Saratoga Avenue, Gordon, New Mexico, 9399",password,Norman.Turner@exemple.com,0,user_photo.png,045292592
51,Angelia,Oliver,Vaughn Morse,1990-01-05,"205 Tehama Street, Boykin, New Hampshire, 4901",password,Jacqueline.Moses@exemple.com,0,user_photo.png,021684892
52,Merritt,Barton,Dotson Jefferson,1999-12-12,"939 Ditmas Avenue, Windsor, Virgin Islands, 1801",password,Kristin.Hobbs@exemple.com,0,user_photo.png,073929655
53,Maldonado,Montgomery,Marva Wiggins,1928-07-27,"536 Riverdale Avenue, Clara, North Carolina, 1443",password,Parrish.Noble@exemple.com,0,user_photo.png,096689635
54,Dejesus,Hickman,Bernard Combs,2010-12-11,"730Delmonico Place, Smock, Iowa, 3294",password,Huff.Cameron@exemple.com,0,user_photo.png,095593733
55,Christy,Pennington,Trudy Potts,1963-08-04,"800Monitor Street, Draper, Alabama, 4179",password,Alexandria.Bowman@exemple.com,0,user_photo.png,028759319
56,Shelia,Blanchard,Alford Chaney,1929-10-20,"425 Belvidere Street, Brandywine, Nevada, 4139",password,Strickland.Farmer@exemple.com,0,user_photo.png,047135883
57,Garza,Rojas,Sallie Ballard,1969-07-10,"653 Folsom Place, Bowie, South Dakota, 8637",password,Brooks.Perez@exemple.com,0,user_photo.png,048621751
58,Short,Cobb,Potter Day,1992-01-20,"936 Vanderveer Place, Brutus, West Virginia, 6572",password,England.Graham@exemple.com,0,user_photo.png,021495599
59,Terrie,Caldwell,Wynn Harper,1938-10-13,"673 Hyman Court, Murillo, Maine, 8928",password,Karina.Simpson@exemple.com,0,user_photo.png,075177868
60,Susie,Tate,Glenna Bright,1955-07-23,"431 Broome Street, Savage, Federated States Of Micronesia, 9464",password,Beatrice.Tran@exemple.com,0,user_photo.png,064154847
61,Tisha,Walls,Aurora Conner,2009-03-06,"988 Milton Street, Townsend, Utah, 4610",password,Molina.Mclean@exemple.com,0,user_photo.png,022581137
62,Wagner,Gould,Sophia Melton,2012-09-17,"954 Beverly Road, Chapin, Arkansas, 5519",password,Neal.Owens@exemple.com,0,user_photo.png,024374821
63,Joan,Mcmahon,Evans Osborne,2000-12-07,"242 Freeman Street, Abiquiu, Texas, 5539",password,Fran.Gill@exemple.com,0,user_photo.png,081885783
64,Erika,Massey,Dona Lane,1957-01-26,"569 Schenck Court, Weeksville, Kentucky, 2942",password,Colette.Rose@exemple.com,0,user_photo.png,064892439
65,Hayden,Goodwin,Wise Dodson,1986-01-27,"923 Branton Street, Colton, Georgia, 6910",password,Hardin.Schroeder@exemple.com,0,user_photo.png,058563531
66,Florence,Brewer,Valdez Miranda,1982-12-08,"180Lyme Avenue, Martinez, Kansas, 2468",password,Augusta.Guerra@exemple.com,0,user_photo.png,057916825
67,Miranda,Jennings,Roman Cole,1996-10-07,"298 Ross Street, Lisco, Florida, 6413",password,Inez.Marquez@exemple.com,0,user_photo.png,067117782
68,Claudia,Bonner,Barron Abbott,1954-10-07,"396 Boynton Place, Caln, District Of Columbia, 4977",password,Simon.Bray@exemple.com,0,user_photo.png,035759329
69,Nell,Slater,Lily Wilkins,1954-08-23,"162 Bragg Street, Nipinnawasee, Louisiana, 1712",password,Bridget.Owen@exemple.com,0,user_photo.png,075536891
70,Bernadette,Stanley,Marta Mcdonald,1996-07-17,"919 Ridgewood Place, Elliston, Hawaii, 9331",password,Deanna.Cline@exemple.com,0,user_photo.png,082926135
71,Nash,Haley,Herminia Pitts,1988-05-05,"991 Meserole Avenue, Fairfield, Montana, 7545",password,Good.Dickerson@exemple.com,0,user_photo.png,046821289
72,Jayne,Kirkland,Cherie Ryan,2013-03-14,"348 Dunham Place, Siglerville, Virginia, 8589",password,Luella.Watts@exemple.com,0,user_photo.png,044985155
73,Vivian,Dorsey,Joy Patton,2004-09-12,"476 Lester Court, Gila, Idaho, 1983",password,Angelita.Waters@exemple.com,0,user_photo.png,072281181
74,Francesca,Lee,Guzman Bush,2016-04-25,"752 Veterans Avenue, Idledale, Missouri, 6099",password,Etta.Cooper@exemple.com,0,user_photo.png,081231475
75,Taylor,Garcia,Mallory Ross,1994-01-15,"634 Mill Street, Cleary, Colorado, 979",password,Freida.Cortez@exemple.com,0,user_photo.png,035431272
76,Katharine,Butler,Noel Steele,2012-10-17,"276 Dorset Street, Spokane, Northern Mariana Islands, 4882",password,Sharp.Drake@exemple.com,0,user_photo.png,081158475
77,Angelica,Leach,Ward Baxter,1997-03-05,"800Withers Street, Calverton, Washington, 1499",password,Hicks.Francis@exemple.com,0,user_photo.png,018231519
78,Frazier,Oneill,Kayla Miles,2006-01-13,"607 Sharon Street, Maxville, Oregon, 9433",password,Peterson.Richard@exemple.com,0,user_photo.png,027612789
79,Clark,Mooney,Mccormick Allen,2001-07-24,"379 Dahlgreen Place, Belva, Mississippi, 6411",password,Marks.Maynard@exemple.com,0,user_photo.png,011797276
80,Morton,Reid,Lidia Wolfe,1998-01-06,"352 Heyward Street, Bagtown, Puerto Rico, 4053",password,Greer.Giles@exemple.com,0,user_photo.png,097672789
81,Pat,Oconnor,Marsh Diaz,1977-10-17,"491 Hunts Lane, Dunlo, Pennsylvania, 5821",password,Julianne.Adkins@exemple.com,0,user_photo.png,057911482
82,Magdalena,Leblanc,Glass Wright,1956-10-23,"744 Anthony Street, Gracey, Marshall Islands, 332",password,Nielsen.Weeks@exemple.com,0,user_photo.png,045347892
83,Workman,Hammond,Mccullough Thornton,1998-11-01,"200Bush Street, Cawood, Vermont, 6970",password,Church.Huffman@exemple.com,0,user_photo.png,099176281
84,Allen,Herring,Henry Boyle,2004-03-19,"516 Belmont Avenue, Swartzville, Ohio, 4843",password,Dean.Barnes@exemple.com,0,user_photo.png,063348187
85,Lilian,Lindsey,Gretchen Prince,1971-09-14,"256 Sackett Street, Rodman, Massachusetts, 6393",password,Lina.West@exemple.com,0,user_photo.png,012774799
86,Dunn,Johnson,Dora Barnett,2016-02-05,"163 Linwood Street, Skyland, Alaska, 6961",password,Emerson.Barber@exemple.com,0,user_photo.png,078182792
87,Veronica,Randall,Dickerson Ford,1971-04-30,"396 Bay Parkway, Malo, Oklahoma, 9903",password,Louella.Walter@exemple.com,0,user_photo.png,048828121
88,Sexton,Nash,Keith Schultz,1978-10-01,"915 Cumberland Street, Cotopaxi, Tennessee, 417",password,Gertrude.Callahan@exemple.com,0,user_photo.png,078935199
89,Mullins,Allison,Knox Cox,1979-11-10,"846 Veronica Place, Waikele, Delaware, 3214",password,Witt.Key@exemple.com,0,user_photo.png,013572735
90,Gonzalez,Sherman,Dominique Golden,2013-08-12,"227 Herkimer Street, Richmond, New York, 3228",password,Helene.Franco@exemple.com,0,user_photo.png,065546736
91,Patti,Chen,Carson Morrow,1971-09-16,"279 Durland Place, Boonville, North Dakota, 4900",password,Freeman.Anderson@exemple.com,0,user_photo.png,058377565
92,Reva,Ray,Stefanie Schwartz,1969-10-05,"654 King Street, Troy, Maryland, 1242",password,Annabelle.Armstrong@exemple.com,0,user_photo.png,062714642
93,Sanders,Kemp,Eloise Harmon,1947-11-24,"447 Delevan Street, Idamay, Illinois, 4409",password,Dianne.Martin@exemple.com,0,user_photo.png,071524799
94,Katrina,May,Christian Page,1995-04-02,"508 Crystal Street, Moscow, Indiana, 9535",password,Rhonda.Sparks@exemple.com,0,user_photo.png,078944769
95,Miriam,Vega,Lindsay Britt,1964-01-20,"822 Rockaway Parkway, Twilight, Michigan, 3709",password,Vonda.Newman@exemple.com,0,user_photo.png,055945465
96,Benton,Williamson,Navarro Sanchez,1985-03-20,"162 Duryea Place, Sterling, Arizona, 7495",password,White.Russo@exemple.com,0,user_photo.png,038933927
97,Gordon,Glover,Weaver Sheppard,1996-04-25,"929 Bushwick Place, Coinjock, Palau, 2709",password,Mills.Barrett@exemple.com,0,user_photo.png,035184986
98,Kelli,Franklin,Pittman Huber,2012-04-14,"725 Regent Place, Drummond, Nebraska, 8894",password,Hobbs.Vasquez@exemple.com,0,user_photo.png,096286956
99,Amie,Padilla,Lou Gordon,1960-04-13,"741 Cook Street, Lafferty, Guam, 9376",password,Beulah.Conway@exemple.com,0,user_photo.png,018834673
100,Mann,Pena,Cathy Mendez,1964-04-30,"230Montauk Avenue, Summertown, Connecticut, 2898",password,Owens.Kinney@exemple.com,0,user_photo.png,083386446
101,Stark,Stein,Austin Cotton,1982-06-24,"388 Campus Road, Harrodsburg, Minnesota, 8185",password,Leila.Frank@exemple.com,0,user_photo.png,053517774
102,Kimberley,Lang,Christie Hopper,1993-01-16,"610Irving Street, Corinne, Wisconsin, 1354",password,Cleo.Mcintosh@exemple.com,0,user_photo.png,095821355
103,Shelby,Brown,Robin Fuller,1952-03-28,"205 Kathleen Court, Wintersburg, South Carolina, 9589",password,Leach.Harrell@exemple.com,0,user_photo.png,073623969
104,Terry,Torres,Malone Mcneil,2013-07-04,"856 Madison Street, Urbana, California, 7156",password,Rios.Fleming@exemple.com,0,user_photo.png,061638494
105,Knowles,Hahn,Trujillo Yang,1968-07-12,"559 Fiske Place, Belgreen, Rhode Island, 3789",password,Dorothea.Knapp@exemple.com,0,user_photo.png,078936252
106,Letha,Jimenez,Barnett Frost,1980-02-09,"251 Columbia Street, Blandburg, New Jersey, 9482",password,Charles.Colon@exemple.com,0,user_photo.png,026866543
107,Tami,Franks,Sears Fields,2003-12-19,"896 Laurel Avenue, Downsville, Wyoming, 934",password,Mary.Le@exemple.com,0,user_photo.png,032465155
108,Todd,Faulkner,Kirsten Carlson,1994-10-01,"267 Covert Street, Moquino, New Mexico, 2518",password,Berger.Stewart@exemple.com,0,user_photo.png,035357887
109,George,Ball,Cora Morin,2009-03-08,"163 Brighton Court, Interlochen, New Hampshire, 4194",password,Walls.Hughes@exemple.com,0,user_photo.png,083533355
110,Tia,Sargent,Angela Knox,1963-11-10,"991 Melba Court, Dragoon, Virgin Islands, 5836",password,Thelma.Reynolds@exemple.com,0,user_photo.png,083967674
111,Dale,Fox,Trina Foreman,2016-12-19,"679 Quincy Street, Brookfield, North Carolina, 5518",password,Cummings.Cleveland@exemple.com,0,user_photo.png,055644313
112,Keisha,Wilson,Maryanne Mason,2008-02-19,"717 Luquer Street, Carlos, Iowa, 3231",password,Richardson.Peterson@exemple.com,0,user_photo.png,035584762
113,Latoya,Bradford,June Carrillo,1929-12-26,"179 Catherine Street, Heil, Alabama, 9521",password,Coleman.Rivers@exemple.com,0,user_photo.png,034254922
114,Alexis,Stephens,Donna Patel,1994-11-14,"529 Alice Court, Verdi, Nevada, 441",password,Finch.Hebert@exemple.com,0,user_photo.png,043247375
115,Anne,Whitney,Moss Heath,1997-11-17,"466 Kane Street, Osmond, South Dakota, 5686",password,Bradshaw.Dotson@exemple.com,0,user_photo.png,039523732
116,Jamie,Bartlett,Mara Neal,1994-03-06,"401 Rutherford Place, Choctaw, West Virginia, 4304",password,Hewitt.Meyers@exemple.com,0,user_photo.png,049456925
117,Catalina,Dalton,Valencia Estes,1945-02-01,"992 Calder Place, Hollins, Maine, 6622",password,Matilda.Gallegos@exemple.com,0,user_photo.png,029871533
118,Misty,Hurley,Goff Vang,1983-03-17,"782 Visitation Place, Hackneyville, Federated States Of Micronesia, 6587",password,Koch.Webb@exemple.com,0,user_photo.png,049666422
119,Hull,Jackson,Lena Singleton,2013-10-22,"645 Lenox Road, Crawfordsville, Utah, 1770",password,Miranda.Robbins@exemple.com,0,user_photo.png,029948581
120,Love,Larsen,Neva Mueller,1994-07-30,"784 Vermont Court, Tyro, Arkansas, 6060",password,Curtis.Ramsey@exemple.com,0,user_photo.png,013328787
121,Ruthie,Hicks,Sophie Winters,2016-01-20,"844 Lewis Avenue, Vivian, Texas, 8889",password,Bond.Mcguire@exemple.com,0,user_photo.png,089788129
122,Black,Cardenas,Jeri Lindsay,1989-02-21,"328 Plaza Street, Faywood, Kentucky, 5631",password,Whitaker.Lucas@exemple.com,0,user_photo.png,044738146
123,Heidi,Bryan,Wilma Maldonado,1996-03-18,"290Howard Avenue, Conway, Georgia, 4487",password,Mcdowell.Lowe@exemple.com,0,user_photo.png,097827145
124,Bender,Morrison,Spence Garner,1949-05-18,"145 Beverley Road, Marenisco, Kansas, 4574",password,Reid.Hudson@exemple.com,0,user_photo.png,054262656
125,Marcia,Carey,Mathis Pollard,1991-06-03,"194 Bogart Street, Nanafalia, Florida, 3959",password,Betsy.Ewing@exemple.com,0,user_photo.png,031255838
126,Sasha,Pruitt,Latasha Keller,2016-09-23,"495 Tech Place, Canoochee, District Of Columbia, 2723",password,Riggs.Wilkinson@exemple.com,0,user_photo.png,011744222
127,Tracey,Mendoza,Carmela Johnston,1980-08-12,"171 Exeter Street, Kerby, Louisiana, 3514",password,Casandra.Bond@exemple.com,0,user_photo.png,051567534
128,Antonia,Scott,Michael Stevens,1981-09-10,"766 Holmes Lane, Wildwood, Hawaii, 8343",password,Solomon.Banks@exemple.com,0,user_photo.png,082641877
129,Mooney,Valentine,Mason Sweet,1959-09-20,"267 Banner Avenue, Williamson, Montana, 7754",password,Darcy.Watkins@exemple.com,0,user_photo.png,078484497
130,Virginia,Case,Tammy Rosales,2009-04-21,"751 Richardson Street, Steinhatchee, Virginia, 6670",password,Stevenson.Mcfarland@exemple.com,0,user_photo.png,055334114
131,Rodriguez,Doyle,Dickson Webster,1995-06-17,"947 Vandervoort Avenue, Kylertown, Idaho, 6523",password,Susan.Mathis@exemple.com,0,user_photo.png,099669777
132,Glenn,Brady,Best Buchanan,2016-05-23,"857 Kenmore Court, Elliott, Missouri, 8434",password,Kemp.Curry@exemple.com,0,user_photo.png,047321619
133,Salinas,Sullivan,Dalton Mccarthy,2004-09-27,"111 Jackson Place, Aberdeen, Colorado, 4190",password,Jaclyn.Tyler@exemple.com,0,user_photo.png,029866627
134,Anastasia,Woodward,Clay Willis,1981-06-20,"696 Lefferts Place, Monument, Northern Mariana Islands, 8178",password,Corinne.Chang@exemple.com,0,user_photo.png,013863693
135,Alyson,Hall,Angel Valencia,1946-12-01,"108 Columbus Place, Cobbtown, Washington, 418",password,Celina.Ferguson@exemple.com,0,user_photo.png,096673794
136,Bird,King,Lora Browning,1994-05-28,"288 Louis Place, Snowville, Oregon, 3456",password,Milagros.William@exemple.com,0,user_photo.png,094745262
137,Pace,Travis,Nora Pugh,1980-10-06,"667 Court Street, Dunbar, Mississippi, 8664",password,Copeland.Cruz@exemple.com,0,user_photo.png,029814663
138,Obrien,Moss,Mclaughlin Compton,1994-01-12,"846 India Street, Carbonville, Puerto Rico, 9636",password,Wendi.Ochoa@exemple.com,0,user_photo.png,017376563
139,Vicky,Petersen,Dolores Mcintyre,1983-06-17,"928 Aster Court, Breinigsville, Pennsylvania, 8200",password,Garner.Walsh@exemple.com,0,user_photo.png,021323153
140,Patrick,Watson,Alice Durham,1915-08-10,"574 Blake Court, Bodega, Marshall Islands, 741",password,Marquita.Bennett@exemple.com,0,user_photo.png,096737121
141,Thomas,Atkinson,Leanne Nieves,1996-01-06,"160Schenck Street, Chelsea, Vermont, 5170",password,Lorena.Shepherd@exemple.com,0,user_photo.png,038353213
142,Belinda,Blair,Kaitlin Ware,2000-06-14,"702 Elmwood Avenue, Onton, Ohio, 2746",password,Avis.Chase@exemple.com,0,user_photo.png,037962618
143,Peck,Sosa,Celia Alvarado,1956-09-15,"159 Thornton Street, Baden, Massachusetts, 9188",password,Dollie.Roth@exemple.com,0,user_photo.png,085318925
144,Adele,Oneal,Kennedy Hood,1965-06-06,"933 Baltic Street, Kimmell, Alaska, 6771",password,Staci.Vaughn@exemple.com,0,user_photo.png,045898494
145,Roy,Long,Elise Mullins,1923-05-03,"473 Ryder Street, Vale, Oklahoma, 5878",password,Olive.Herrera@exemple.com,0,user_photo.png,038271474
146,Sandoval,Grimes,Carmen Cummings,1990-03-08,"906 Wyona Street, Caron, Tennessee, 1192",password,Aguilar.Weiss@exemple.com,0,user_photo.png,084385511
147,Luisa,Hoffman,Kelsey Jordan,1954-02-21,"952 Dumont Avenue, Turah, Delaware, 6011",password,Gracie.Larson@exemple.com,0,user_photo.png,057356324
148,Ashley,Santana,Jana Stone,2006-04-20,"346 Fay Court, Falmouth, New York, 1339",password,Janelle.Silva@exemple.com,0,user_photo.png,077686965
149,Weeks,Simmons,Goldie Rodriguez,1989-02-14,"616 Benson Avenue, Accoville, North Dakota, 1850",password,Joni.Macdonald@exemple.com,0,user_photo.png,083656587
150,Cara,Daniels,Buck Joyner,2001-05-28,"917 Whitney Avenue, Norris, Maryland, 5452",password,Constance.Dale@exemple.com,0,user_photo.png,049596583
151,Cain,Horne,Amalia Greene,2007-08-04,"799 Junius Street, Bradenville, Illinois, 4738",password,Joanna.Oneil@exemple.com,0,user_photo.png,033723794
152,Moran,Poole,Hattie Gross,1984-08-18,"292 Grimes Road, Sena, Indiana, 5711",password,Leola.Mullen@exemple.com,0,user_photo.png,048994352
153,Cecile,Gilbert,Karin Navarro,2006-07-18,"598 Bevy Court, Lodoga, Michigan, 8307",password,Knapp.Walton@exemple.com,0,user_photo.png,099638877
154,Marilyn,Kirby,Vanessa Nunez,1972-10-19,"205 Marconi Place, Bison, Arizona, 4757",password,Booth.Shaffer@exemple.com,0,user_photo.png,079542539
155,Cline,Castillo,Susanna Baker,2010-08-31,"178 Milford Street, Bainbridge, Palau, 8722",password,Mclean.Suarez@exemple.com,0,user_photo.png,029686238
156,Genevieve,Valenzuela,Leona Holder,1956-02-25,"514 Grace Court, Blanford, Nebraska, 6546",password,Carole.Berry@exemple.com,0,user_photo.png,076881139
157,Acosta,Randolph,Pam Holman,1986-11-18,"319 Hart Place, Magnolia, Guam, 6203",password,Mariana.Roy@exemple.com,0,user_photo.png,092343637
158,Wilkins,Collins,Krista Phelps,1972-04-25,"424 Union Street, Sussex, Connecticut, 4175",password,Valentine.Shepard@exemple.com,0,user_photo.png,093475343
159,Tanner,Christensen,Kline Mcknight,1990-11-16,"608 Linden Boulevard, Kiskimere, Minnesota, 3951",password,Muriel.Pratt@exemple.com,0,user_photo.png,053113468
160,Stanton,Moon,Preston Howell,1926-08-02,"388 Fanchon Place, Newkirk, Wisconsin, 8064",password,Nolan.Meadows@exemple.com,0,user_photo.png,033246891
161,Lindsay,Thomas,Watson George,2002-08-03,"130Dikeman Street, Brandermill, South Carolina, 2221",password,Garrison.Orr@exemple.com,0,user_photo.png,012849732
162,Annie,Saunders,Ethel Romero,1988-05-25,"597 Flatlands Avenue, Kohatk, California, 7535",password,Mcgee.Campos@exemple.com,0,user_photo.png,035365127
163,Debra,Hanson,Ware Powers,2009-02-08,"289 Turnbull Avenue, Gardners, Rhode Island, 9183",password,Danielle.Dejesus@exemple.com,0,user_photo.png,088511119
164,Alexandra,Lancaster,Melisa Frazier,2006-03-16,"488 Manor Court, Neahkahnie, New Jersey, 9443",password,Queen.Rowe@exemple.com,0,user_photo.png,075255184
165,Whitney,Foster,Gena Bradshaw,1976-03-04,"991 Coles Street, Coyote, Wyoming, 4662",password,Felicia.Manning@exemple.com,0,user_photo.png,047735666
166,Ernestine,Greer,Pugh Pearson,2004-12-15,"444 Maple Avenue, Camptown, New Mexico, 3689",password,Parker.Hartman@exemple.com,0,user_photo.png,066553669
167,Holly,Brennan,Candace Lamb,1968-12-09,"386 Pooles Lane, Berwind, New Hampshire, 5652",password,Allison.Burnett@exemple.com,0,user_photo.png,062439824
168,Lewis,Lester,Debbie Collier,1990-02-08,"481 Beaumont Street, Carrsville, Virgin Islands, 4230",password,Jewell.Riddle@exemple.com,0,user_photo.png,049325513
169,Hamilton,Howe,Luna Leonard,1980-08-12,"403 Hendrickson Street, Williston, North Carolina, 9144",password,Burke.Cooke@exemple.com,0,user_photo.png,033596786
170,Kay,Dunlap,Cathryn Hogan,1952-09-20,"879 Harbor Court, Goodville, Iowa, 5935",password,Spears.Mcclain@exemple.com,0,user_photo.png,015269267
171,Clara,Marks,Evangeline Macias,2015-12-08,"949 Woodbine Street, National, Alabama, 3290",password,Jo.Brock@exemple.com,0,user_photo.png,037736336
172,Tamika,Clayton,Hyde Snow,2016-07-29,"308 Hoyts Lane, Hailesboro, Nevada, 4346",password,Reese.Lopez@exemple.com,0,user_photo.png,069743996
173,Melinda,Barlow,Bass Ayala,2013-04-09,"672 Boulevard Court, Ola, South Dakota, 8537",password,Carrillo.Wiley@exemple.com,0,user_photo.png,099812349
174,Elisa,Spencer,Elnora Irwin,2013-07-27,"156 Elton Street, Chloride, West Virginia, 2573",password,Melba.Richards@exemple.com,0,user_photo.png,046343318
175,Nadine,Dominguez,Erna Perkins,2001-02-17,"544 Losee Terrace, Masthope, Maine, 5767",password,Janet.Swanson@exemple.com,0,user_photo.png,039982841
176,Odessa,Buckley,Cheri Haney,2000-08-14,"209 Church Lane, Harmon, Federated States Of Micronesia, 4685",password,Schwartz.Mckee@exemple.com,0,user_photo.png,035346312
177,Lester,Ashley,Jacquelyn Jenkins,1990-12-14,"394 Schaefer Street, Winchester, Utah, 5495",password,Lara.Hill@exemple.com,0,user_photo.png,084277322
178,Oliver,Norris,Blanca Booth,2007-12-09,"253 Albany Avenue, Boyd, Arkansas, 7868",password,Marisol.Cross@exemple.com,0,user_photo.png,045499361
179,Grimes,Joseph,Haynes Stevenson,1991-02-26,"561 Noll Street, Edgewater, Texas, 3376",password,Merle.Mack@exemple.com,0,user_photo.png,052455935
180,Cross,Obrien,Paula Blackburn,1969-02-03,"566 Radde Place, Santel, Kentucky, 6862",password,Carey.Douglas@exemple.com,0,user_photo.png,021353526
181,Mendez,Grant,Juliette Blevins,2003-11-22,"886 Canarsie Road, Goldfield, Georgia, 8578",password,Pearlie.Jacobson@exemple.com,0,user_photo.png,074783286
182,Hannah,Klein,Savannah Reeves,2003-02-03,"847 Ocean Court, Glendale, Kansas, 1180",password,Liz.Luna@exemple.com,0,user_photo.png,025686253
183,Schneider,Delgado,Durham Barker,1967-08-11,"474 Scott Avenue, Orason, Florida, 5174",password,Sheena.David@exemple.com,0,user_photo.png,051989156
184,Gilliam,Sandoval,Meyers Raymond,1996-08-31,"949 Ford Street, Flintville, District Of Columbia, 7090",password,Walton.Downs@exemple.com,0,user_photo.png,078675468
185,Ayala,Crawford,Head Ward,2011-12-25,"820Cropsey Avenue, Bellfountain, Louisiana, 7312",password,Elva.Gilmore@exemple.com,0,user_photo.png,088475249
186,Lorie,Carver,Marian Gates,1947-09-16,"791 Neptune Court, Dante, Hawaii, 8706",password,Nixon.Ramirez@exemple.com,0,user_photo.png,061956976
187,Graves,Preston,Flora Benson,2000-07-15,"202 Otsego Street, Worton, Montana, 3335",password,Buckley.Solomon@exemple.com,0,user_photo.png,099699484
188,Garrett,Good,Kristen Landry,1974-11-22,"787 Rewe Street, Basye, Virginia, 6246",password,Langley.Murray@exemple.com,0,user_photo.png,091871642
189,Bentley,Serrano,Fitzgerald Galloway,2000-06-27,"131 Forbell Street, Elrama, Idaho, 636",password,Mcbride.Clarke@exemple.com,0,user_photo.png,056941126
190,Baker,Walker,Frances Castaneda,2016-06-21,"961 Dobbin Street, Rodanthe, Missouri, 3050",password,Juanita.Gilliam@exemple.com,0,user_photo.png,084518333
191,Erica,Wooten,Vilma Dickson,1998-03-20,"141 Neptune Avenue, Marne, Colorado, 1437",password,Lydia.Camacho@exemple.com,0,user_photo.png,025286949
192,Oneill,Fletcher,Frye Benton,1977-10-11,"352 Lincoln Terrace, Why, Northern Mariana Islands, 6122",password,Vinson.Harrington@exemple.com,0,user_photo.png,069631484
193,Rasmussen,Lara,Marcy Lawrence,1979-08-02,"356 Hausman Street, Marbury, Washington, 1035",password,Leon.Mcconnell@exemple.com,0,user_photo.png,088698964
194,Cooley,Mays,Selena Weber,2003-04-17,"956 Classon Avenue, Crenshaw, Oregon, 6153",password,Mai.Wheeler@exemple.com,0,user_photo.png,087253174
195,Lolita,Villarreal,Vance Porter,2005-04-25,"916 Stone Avenue, Albrightsville, Mississippi, 7776",password,Mueller.Harding@exemple.com,0,user_photo.png,036332749
196,Shirley,Levy,Carter Dillard,2003-04-27,"277 Rutland Road, Juarez, Puerto Rico, 6826",password,Emily.Soto@exemple.com,0,user_photo.png,023557477
197,Strong,Park,Lilia Mayer,1978-10-02,"906 Varanda Place, Terlingua, Pennsylvania, 7148",password,Liza.Davis@exemple.com,0,user_photo.png,091419113
198,Mckay,Pope,Hendrix Kelley,1916-07-01,"548 Strickland Avenue, Cuylerville, Marshall Islands, 4169",password,Brigitte.Tillman@exemple.com,0,user_photo.png,028423462
199,Sandy,Contreras,Adeline Terrell,1989-08-20,"573 Cedar Street, Norvelt, Vermont, 2741",password,Osborne.Russell@exemple.com,0,user_photo.png,027923732
200,Sondra,Roman,Diana Bird,1993-06-18,"606 Stockholm Street, Grayhawk, Ohio, 3825",password,Beverly.Campbell@exemple.com,0,user_photo.png,075365137
201,Justine,Rivera,Samantha Mccall,1986-12-28,"369 Louisiana Avenue, Enetai, Massachusetts, 5656",password,Bullock.Dunn@exemple.com,0,user_photo.png,053926814
202,Alba,Kim,Lindsey Rutledge,1965-11-09,"897 Madeline Court, Bentley, Alaska, 8209",password,Joyner.Guy@exemple.com,0,user_photo.png,018342894
203,Hampton,Trujillo,Kathryn Taylor,2015-11-29,"362 Reed Street, Epworth, Oklahoma, 1129",password,Marcie.Wagner@exemple.com,0,user_photo.png,089566948
204,Key,Rivas,Wyatt Cherry,2013-03-24,"101 Thatford Avenue, Joppa, Tennessee, 1004",password,Lisa.Mercado@exemple.com,0,user_photo.png,041412796
205,Foley,Crane,Boyle Wyatt,1981-09-06,"501 Conduit Boulevard, Morningside, Delaware, 8467",password,Molly.Martinez@exemple.com,0,user_photo.png,047197617
206,Ruiz,Wong,Harrison Strickland,1983-05-01,"786 Cove Lane, Bentonville, New York, 6922",password,Mays.Rocha@exemple.com,0,user_photo.png,087462617
207,Myers,Cooley,Sheppard Simon,1999-09-21,"839 Amherst Street, Chical, North Dakota, 4275",password,Chen.Morton@exemple.com,0,user_photo.png,016572319
208,Dillon,Baldwin,Felecia Jones,1983-06-30,"436 Fleet Place, Davenport, Maryland, 9042",password,Chelsea.Malone@exemple.com,0,user_photo.png,025651183
209,Yolanda,Mccoy,Terri Rush,1960-12-08,"370Nelson Street, Beechmont, Illinois, 5153",password,Bowers.Stark@exemple.com,0,user_photo.png,054387496
210,Lola,Medina,Aileen Aguilar,2003-05-04,"866 Duryea Court, Herbster, Indiana, 4058",password,Rosario.Bowen@exemple.com,0,user_photo.png,061554233
211,Tyson,Rosa,Robert Roberts,1974-06-08,"670Division Place, Dawn, Michigan, 5156",password,Sparks.Atkins@exemple.com,0,user_photo.png,036575998
212,Roberts,Burns,Olivia Donovan,2004-08-01,"474 Tudor Terrace, Chase, Arizona, 6529",password,Harriet.Hart@exemple.com,0,user_photo.png,084199486
213,Jannie,Powell,Meghan Erickson,1996-03-03,"320Gaylord Drive, Succasunna, Palau, 9963",password,Tania.Beard@exemple.com,0,user_photo.png,062745472
214,Jefferson,Barron,Dyer Sears,2007-02-01,"657 Jerome Avenue, Chumuckla, Nebraska, 9392",password,Pollard.Mcbride@exemple.com,0,user_photo.png,015929931
215,Trevino,Mccarty,Diann Bailey,1999-04-19,"810Colonial Court, Gilmore, Guam, 7048",password,Natalia.White@exemple.com,0,user_photo.png,037978581
216,Amparo,Guthrie,Georgina Beck,1971-02-09,"361 Cranberry Street, Hendersonville, Connecticut, 8805",password,Tricia.Strong@exemple.com,0,user_photo.png,072711598
217,Vasquez,Gibson,Agnes Vincent,1993-09-11,"404 Desmond Court, Morgandale, Minnesota, 4281",password,Jolene.Carpenter@exemple.com,0,user_photo.png,033535515
218,Sanford,Nicholson,Mosley Mcfadden,1945-08-04,"344 Bleecker Street, Hilltop, Wisconsin, 662",password,Jenna.Baird@exemple.com,0,user_photo.png,023251522
219,Richards,Sharp,Cassandra Myers,1975-05-31,"605 Henry Street, Rosburg, South Carolina, 5673",password,Aida.Nolan@exemple.com,0,user_photo.png,097922779
220,Herring,Spence,Eleanor Patterson,1967-04-13,"423 Love Lane, Eastvale, California, 2656",password,Corrine.Joyce@exemple.com,0,user_photo.png,093772395
221,Cooke,Hewitt,Charlotte Floyd,1993-06-16,"860Beayer Place, Brady, Rhode Island, 458",password,Woods.Calhoun@exemple.com,0,user_photo.png,087247924
222,Dudley,Guerrero,Colon Duffy,2014-04-02,"866 Woodruff Avenue, Avoca, New Jersey, 8000",password,Orr.Petty@exemple.com,0,user_photo.png,066146897
223,Fields,Nichols,Tonya Perry,1993-05-01,"883 Ryder Avenue, Lupton, Wyoming, 4976",password,Kelley.Craft@exemple.com,0,user_photo.png,016483669
224,Huffman,Warner,Wells Mitchell,1968-11-21,"439 Clymer Street, Reinerton, New Mexico, 7593",password,Flowers.Green@exemple.com,0,user_photo.png,064891647
225,Santos,Stuart,Snyder Moreno,2000-05-04,"912 Woodside Avenue, Edmund, New Hampshire, 7775",password,Wallace.Hines@exemple.com,0,user_photo.png,024856318
226,Shannon,Molina,Claire Leon,1951-12-28,"670Farragut Place, Fairview, Virgin Islands, 7507",password,Dunlap.Mcpherson@exemple.com,0,user_photo.png,087354946
227,Alvarado,Bass,Tracie Hayes,1989-02-03,"388 Chester Court, Forestburg, North Carolina, 3356",password,Pennington.Madden@exemple.com,0,user_photo.png,048752812
228,Fischer,Nielsen,Gladys Cannon,2011-01-27,"656 Gotham Avenue, Thatcher, Iowa, 7034",password,Blair.Burris@exemple.com,0,user_photo.png,085171548
229,Leonor,Weaver,Cook Meyer,1962-11-25,"554 Montgomery Street, Bellamy, Alabama, 7640",password,Nita.Shaw@exemple.com,0,user_photo.png,044229979
230,Rosalinda,York,Deborah Burt,1973-11-02,"638 Hicks Street, Layhill, Nevada, 6781",password,Gay.Holmes@exemple.com,0,user_photo.png,032262472
231,Morris,Phillips,Whitley Burgess,1981-02-03,"169 Oceanic Avenue, Brethren, South Dakota, 4540",password,Compton.Garrison@exemple.com,0,user_photo.png,021939681
232,Lela,Lott,Anderson Ortiz,1975-07-05,"583 Halleck Street, Kraemer, West Virginia, 2579",password,Valarie.Small@exemple.com,0,user_photo.png,015417422
233,Beverley,Zimmerman,Francisca Rich,1956-11-05,"243 Throop Avenue, Gouglersville, Maine, 7056",password,Ruby.Rasmussen@exemple.com,0,user_photo.png,031552932
234,Berry,Kaufman,Forbes Salazar,2010-11-03,"422 Boardwalk , Manchester, Federated States Of Micronesia, 7563",password,Stella.Vance@exemple.com,0,user_photo.png,072284821
235,Edith,Glenn,Hollie Beasley,1972-04-30,"246 Herbert Street, Barstow, Utah, 8464",password,Gates.Kidd@exemple.com,0,user_photo.png,092478211
236,Talley,Copeland,Katherine Thompson,1968-05-15,"801 Times Placez, Venice, Arkansas, 4780",password,Antoinette.Kline@exemple.com,0,user_photo.png,085959291
237,Rose,Summers,Kristine Washington,1987-06-30,"216 Wogan Terrace, Knowlton, Texas, 8640",password,Reynolds.Mcgowan@exemple.com,0,user_photo.png,092823386
238,Mcmahon,Sims,Palmer Dixon,1979-08-04,"597 Gunther Place, Eagleville, Kentucky, 3586",password,Sally.Cain@exemple.com,0,user_photo.png,063477164
239,Mckee,Mckay,Waters Parsons,1916-07-15,"104 Temple Court, Maplewood, Georgia, 3864",password,Lorna.Delacruz@exemple.com,0,user_photo.png,061532816
240,Carlene,Snider,Eliza Fowler,1964-11-03,"340Linden Street, Alden, Kansas, 5004",password,Figueroa.Ramos@exemple.com,0,user_photo.png,099725538
241,Jean,Murphy,Marlene Wells,1989-12-17,"839 Preston Court, Lutsen, Florida, 7145",password,Lowe.Odom@exemple.com,0,user_photo.png,043924336
242,Perez,Forbes,Holloway Espinoza,1991-04-05,"246 Arkansas Drive, Trinway, District Of Columbia, 883",password,Mckenzie.Houston@exemple.com,0,user_photo.png,067284595
243,Wright,Curtis,Jenny Peck,1998-10-14,"394 Frost Street, Biehle, Louisiana, 9106",password,Farmer.Nelson@exemple.com,0,user_photo.png,096878749
244,Melendez,Hunt,Levine Austin,1982-03-07,"943 Boerum Street, Welch, Hawaii, 221",password,Henson.Lloyd@exemple.com,0,user_photo.png,064565153
245,Hogan,Higgins,Hawkins Odonnell,1980-07-12,"476 Aitken Place, Springhill, Montana, 7830",password,Branch.English@exemple.com,0,user_photo.png,037373122
246,Franklin,Barrera,Mayer Anthony,1962-01-06,"994 Dare Court, Sheatown, Virginia, 6492",password,Glover.Clay@exemple.com,0,user_photo.png,073319773
