firstName,lastName,username,birthdate,address,password,mail,role,photo,phone,id
Nora,Key,Mccall Albert,1979-09-16,"174 Temple Court, Haena, Virginia, 6228",password,Norton.Chen@exemple.com,1,user_photo.png,047139227,250
Ward,Burt,Holloway Woodward,1968-09-01,"204 Dumont Avenue, Oceola, Vermont, 4934",password,Addie.Pollard@exemple.com,1,user_photo.png,084527336,251
Sally,Hull,Alison Gray,1994-12-21,"123 Nassau Avenue, Kersey, West Virginia, 9318",password,Yang.Burch@exemple.com,1,user_photo.png,087999551,252
Koch,Vang,Letha Barry,1945-10-05,"747 Boardwalk , Goldfield, Georgia, 6568",password,Alejandra.Harrison@exemple.com,1,user_photo.png,098413793,253
Robinson,Nicholson,Ayala Kinney,1966-08-17,"446 Veronica Place, Omar, New Mexico, 2569",password,Gillespie.Moran@exemple.com,1,user_photo.png,081184624,254
Fletcher,Walsh,Lidia Herman,1927-02-26,"477 Woodhull Street, Interlochen, Missouri, 5847",password,Mari.Maldonado@exemple.com,1,user_photo.png,085744119,255
Alba,Wilkinson,Mathis Hood,1944-01-30,"718 Hull Street, Hachita, Nebraska, 6334",password,Riley.Velasquez@exemple.com,1,user_photo.png,035447751,256
Graciela,Murphy,Brennan Orr,1981-05-18,"776 Monroe Place, Frierson, Montana, 2444",password,Goff.Faulkner@exemple.com,1,user_photo.png,075617486,257
Shirley,Harper,Ball Avery,1941-10-02,"849 Haring Street, Nettie, Kentucky, 3058",password,Alexandria.Melendez@exemple.com,1,user_photo.png,012254681,258
Daugherty,Fischer,Durham Wright,1929-08-02,"367 Vanderbilt Street, Wheaton, North Dakota, 6347",password,Alberta.Estrada@exemple.com,1,user_photo.png,056494593,259
Hays,Cooley,Lenora Hardin,1970-07-08,"884 Bassett Avenue, Bordelonville, Connecticut, 8951",password,Stephanie.Haley@exemple.com,1,user_photo.png,088913289,260
Eugenia,Blackwell,Ware Kirk,1995-01-09,"803 Congress Street, Hillsboro, Wyoming, 9614",password,Smith.Castaneda@exemple.com,1,user_photo.png,025254861,261
Terry,Simon,Cathleen Galloway,1979-06-27,"751 Celeste Court, Gibsonia, Alabama, 6405",password,Knapp.Garrett@exemple.com,1,user_photo.png,072646581,262
Roxie,Snow,Wilson Delgado,1972-12-08,"667 Sumner Place, Lopezo, South Dakota, 8956",password,Mallory.Bailey@exemple.com,1,user_photo.png,056375226,263
Wallace,Ramsey,Kayla Sparks,1935-10-25,"278 Oliver Street, Grandview, Oregon, 3372",password,Bettie.Payne@exemple.com,1,user_photo.png,085744725,264
Willie,Alvarado,Terry Rivera,1955-01-27,"731 Regent Place, Grahamtown, Arizona, 2759",password,Daniels.Kim@exemple.com,1,user_photo.png,023715742,265
Lottie,Shelton,Claudia Holden,1991-08-18,"573 McKinley Avenue, Kaka, Pennsylvania, 4957",password,Tamara.Allen@exemple.com,1,user_photo.png,066814945,266
Finley,Miles,Christi Valencia,1954-06-02,"419 Minna Street, Groveville, Nevada, 8761",password,Deloris.Newton@exemple.com,1,user_photo.png,054457296,267
Natalia,Goff,Bonnie Emerson,1942-08-01,"195 Glen Street, Blanford, Hawaii, 503",password,Janet.Spence@exemple.com,1,user_photo.png,052344777,268
Danielle,Hubbard,Mollie Prince,2001-07-02,"526 Oceanic Avenue, Westmoreland, North Carolina, 5379",password,Powers.Harris@exemple.com,1,user_photo.png,023676255,269
Stuart,Baker,Marci Morris,1987-12-08,"689 Vandervoort Avenue, Dunbar, California, 3634",password,Manning.Acosta@exemple.com,1,user_photo.png,057255618,270
Suzette,Taylor,Bonner Noel,2005-12-18,"598 Oxford Walk, Idamay, Colorado, 7084",password,Cantrell.Blankenship@exemple.com,1,user_photo.png,059899483,271
Isabelle,Cantu,Gates Battle,1962-03-13,"499 Guider Avenue, Richville, Marshall Islands, 9699",password,Padilla.Chan@exemple.com,1,user_photo.png,096926317,272
Caldwell,Patterson,Schroeder Cantrell,1980-12-20,"154 Kane Place, Enoree, Wisconsin, 1312",password,Johnnie.Mercado@exemple.com,1,user_photo.png,076464352,273
Hardin,Rios,Melissa Lott,1989-04-27,"428 Montgomery Street, Southmont, Alaska, 3535",password,Carolina.Mccullough@exemple.com,1,user_photo.png,068564623,274
Tucker,Wilcox,Freeman Donovan,1969-05-19,"658 Hutchinson Court, Hickory, Delaware, 251",password,Whitney.Horn@exemple.com,1,user_photo.png,069861377,275
Hicks,Jordan,Evangelina Tanner,2007-04-04,"416 Jodie Court, Davenport, Rhode Island, 2566",password,Charmaine.Washington@exemple.com,1,user_photo.png,016787584,276
Denise,Barker,Clements Guerrero,2016-08-22,"769 Heyward Street, Trail, Virgin Islands, 9222",password,Daisy.Gordon@exemple.com,1,user_photo.png,086665212,277
Sherri,Sharp,Maude Hoffman,1966-10-17,"207 Oceanview Avenue, Madrid, Palau, 7025",password,Baldwin.Barron@exemple.com,1,user_photo.png,062796291,278
Byrd,Cross,Gonzales Strickland,2007-04-14,"964 Erasmus Street, Dellview, New Jersey, 8824",password,Effie.Zimmerman@exemple.com,1,user_photo.png,047459681,279
Wall,Carney,Mitzi Hayes,1925-12-12,"439 Underhill Avenue, Adelino, Indiana, 1269",password,Cole.Le@exemple.com,1,user_photo.png,037863961,280
Patrice,Fisher,Yesenia Vaughan,1959-01-20,"486 Kent Street, Coloma, Iowa, 8663",password,Potter.Hardy@exemple.com,1,user_photo.png,054342473,281
Melendez,Hooper,Beatriz Riggs,2000-03-18,"789 Revere Place, Fivepointville, Guam, 2443",password,Shannon.Richards@exemple.com,1,user_photo.png,024711849,282
Penelope,Hoover,Gail Pennington,2005-08-02,"969 Glenwood Road, Jenkinsville, Minnesota, 9833",password,Stone.Jefferson@exemple.com,1,user_photo.png,031952172,283
Mcfarland,Carey,Sharpe Bridges,2000-11-29,"458 Monroe Street, Wanship, Louisiana, 5415",password,Cheri.Farley@exemple.com,1,user_photo.png,042561762,284
Head,Ray,Vilma Graham,1982-02-02,"632 Truxton Street, Mooresburg, District Of Columbia, 1783",password,Jenna.Turner@exemple.com,1,user_photo.png,034932825,285
Pearlie,Hernandez,Eula Mays,2010-11-04,"770Front Street, Guilford, Oklahoma, 4440",password,Valdez.Ellis@exemple.com,1,user_photo.png,032495874,286
Maynard,Barrett,Castillo Jennings,2004-03-13,"826 Manor Court, Cade, Illinois, 885",password,Christine.Goodwin@exemple.com,1,user_photo.png,067189415,287
Perez,Curtis,Fuller Bryant,1955-03-14,"812 National Drive, Winston, New York, 3326",password,Letitia.Workman@exemple.com,1,user_photo.png,071112262,288
Bauer,Pickett,Harvey Oneil,2007-01-19,"738 Grafton Street, Bancroft, Ohio, 5828",password,Jimenez.Evans@exemple.com,1,user_photo.png,038881329,289
Jolene,Robinson,Moran Holt,1932-12-22,"969 Preston Court, Cobbtown, Idaho, 7731",password,Burt.Barber@exemple.com,1,user_photo.png,018472272,290
Burke,Pope,Kelly Haynes,1933-05-11,"560Ide Court, Hall, Maryland, 4124",password,Lynn.Mcfadden@exemple.com,1,user_photo.png,051727125,291
Mitchell,Obrien,Alfreda Beard,1942-08-23,"939 Arion Place, Walker, Kansas, 3472",password,Potts.Wilkins@exemple.com,1,user_photo.png,046712681,292
Dickson,Williamson,Conway Hines,1932-07-06,"727 Newkirk Placez, Wollochet, South Carolina, 1539",password,Ericka.Cleveland@exemple.com,1,user_photo.png,026663455,293
Charles,Levy,Lucinda Lewis,1935-12-05,"485 Stewart Street, Manila, Puerto Rico, 454",password,Delia.Miller@exemple.com,1,user_photo.png,049122555,294
Glenn,Norman,Solis Maynard,2013-10-22,"401 Main Street, Motley, New Hampshire, 9163",password,Nieves.Warren@exemple.com,1,user_photo.png,024193429,295
Britt,Bradshaw,Penny Hansen,1951-05-02,"556 Seaview Avenue, Springville, Texas, 6140",password,Constance.Mcdonald@exemple.com,1,user_photo.png,046251856,296
Foley,Beasley,Shaw Melton,2006-09-13,"955 Ferry Place, Conway, Washington, 5937",password,Alta.Shaw@exemple.com,1,user_photo.png,045276722,297
Keith,Lowe,Marsh Walter,1978-10-09,"256 Rockaway Parkway, Kimmell, Massachusetts, 3471",password,Daniel.Blevins@exemple.com,1,user_photo.png,017438297,298
Cruz,Preston,Greta Moore,1963-11-23,"810Nostrand Avenue, Bellfountain, American Samoa, 7406",password,Lakeisha.Kirkland@exemple.com,1,user_photo.png,057829547,299
Payne,Knowles,Lawrence Lyons,1999-07-01,"950Everit Street, Nelson, Florida, 6218",password,Mcfadden.Bonner@exemple.com,1,user_photo.png,024218348,300
Coleen,Mckinney,Caitlin Morrison,1973-08-18,"628 Ellery Street, Cleary, Mississippi, 8431",password,Georgia.Hurley@exemple.com,1,user_photo.png,078542461,301
Johnson,Bird,Kristine Hensley,1963-05-14,"960Benson Avenue, Hackneyville, Maine, 3503",password,Candice.Estes@exemple.com,1,user_photo.png,044351883,302
Rosalinda,Sargent,Billie Rice,1964-02-14,"531 Butler Street, Charco, Arkansas, 9721",password,Marie.Sweet@exemple.com,1,user_photo.png,012887417,303
Rowland,Whitaker,Lessie Savage,1992-06-27,"133 Eldert Street, Cetronia, Tennessee, 3696",password,Clay.Brown@exemple.com,1,user_photo.png,023894846,304
Porter,Sampson,Schneider Fitzpatrick,1998-12-16,"738 Williams Avenue, Ogema, Michigan, 736",password,Terri.Jenkins@exemple.com,1,user_photo.png,035435451,305
Blanche,Reed,Marianne Parker,1986-03-26,"366 Richmond Street, Hiko, Northern Mariana Islands, 4943",password,Spencer.Hall@exemple.com,1,user_photo.png,041897411,306
Beulah,Roth,Barker Yates,1971-01-28,"733 Bushwick Avenue, Sparkill, Utah, 4292",password,Skinner.Blair@exemple.com,1,user_photo.png,048427422,307
Mattie,Arnold,Ellis Mills,2009-03-07,"327 Albee Square, Bourg, Virginia, 1577",password,April.Gill@exemple.com,1,user_photo.png,049797977,308
Reese,Skinner,James Riddle,1972-09-19,"979 Herkimer Place, Marne, Vermont, 6675",password,Ilene.Dennis@exemple.com,1,user_photo.png,029253665,309
Solomon,Landry,Edna Howe,2011-10-20,"912 Vanderveer Place, Tedrow, West Virginia, 5835",password,Kemp.Fulton@exemple.com,1,user_photo.png,081724618,310
Betty,Mcdowell,Anne Barlow,1956-01-03,"875 Cropsey Avenue, Topanga, Georgia, 6793",password,Marcia.Ball@exemple.com,1,user_photo.png,016231421,311
Monica,Boyd,Nita Hays,2014-02-21,"273 Cedar Street, Irwin, New Mexico, 5140",password,Workman.Palmer@exemple.com,1,user_photo.png,095179432,312
Cynthia,Sullivan,Millie Gregory,1950-08-09,"942 Tapscott Avenue, Greenwich, Missouri, 5295",password,Osborne.Wade@exemple.com,1,user_photo.png,013519271,313
Mccoy,Townsend,Richard Hess,1985-02-26,"232 Stone Avenue, Jacksonburg, Nebraska, 4563",password,Bryan.Howell@exemple.com,1,user_photo.png,025942136,314
Lillian,Gonzales,Bolton Pruitt,1989-02-04,"997 Hazel Court, Vicksburg, Montana, 4397",password,Hoffman.Mcclure@exemple.com,1,user_photo.png,076461764,315
Guzman,Swanson,Richards Mueller,1987-09-07,"315 Junius Street, Wright, Kentucky, 6250",password,Tracie.Pierce@exemple.com,1,user_photo.png,032747255,316
Mcbride,Tyler,Brigitte Compton,1989-10-29,"718 Bills Place, Neahkahnie, North Dakota, 3119",password,Camacho.Soto@exemple.com,1,user_photo.png,065241645,317
Angelina,Bass,Monique Decker,1929-10-15,"431 Suydam Street, Summertown, Connecticut, 1474",password,Heather.Coffey@exemple.com,1,user_photo.png,099373633,318
Frost,Stanley,Francis Schwartz,2011-06-29,"245 Lefferts Place, Juntura, Wyoming, 4152",password,Lou.Gutierrez@exemple.com,1,user_photo.png,028686182,319
Charity,Valenzuela,Salinas Tyson,1996-06-25,"976 Lincoln Road, Riegelwood, Alabama, 5061",password,Rosa.Crane@exemple.com,1,user_photo.png,075587219,320
Eddie,David,Murray Rojas,1948-02-04,"226 Cortelyou Road, Florence, South Dakota, 8993",password,Carly.Wilson@exemple.com,1,user_photo.png,046556719,321
Therese,Pace,Harrison Dyer,1985-09-18,"878 Bristol Street, Bridgetown, Oregon, 1804",password,Renee.Burks@exemple.com,1,user_photo.png,051678795,322
Earline,Houston,Hunt Santana,2012-09-01,"636 Cranberry Street, Urie, Arizona, 1861",password,Santana.Osborne@exemple.com,1,user_photo.png,057952729,323
Quinn,Berg,Marcie Bowman,1923-02-16,"463 Gerald Court, Roland, Pennsylvania, 7754",password,Tate.Mathews@exemple.com,1,user_photo.png,021994672,324
Swanson,Pacheco,Stokes Callahan,2001-06-25,"659 Rose Street, Yonah, Nevada, 682",password,Harriet.Ratliff@exemple.com,1,user_photo.png,081361985,325
Bridges,Peters,Alexandra Parks,1975-11-10,"910Porter Avenue, Iberia, Hawaii, 1481",password,Buck.Fry@exemple.com,1,user_photo.png,028558621,326
Bruce,Carson,Jami Petersen,2012-12-02,"552 Nelson Street, Diaperville, North Carolina, 8308",password,Felicia.Espinoza@exemple.com,1,user_photo.png,024765557,327
Liza,Price,Kaufman Cortez,2007-07-11,"613 Bowne Street, Day, California, 5692",password,Waters.Gardner@exemple.com,1,user_photo.png,024446746,328
Douglas,Larsen,Kristen Kelly,1972-09-25,"219 Bay Avenue, Lowell, Colorado, 1053",password,Richmond.Singleton@exemple.com,1,user_photo.png,053451243,329
Rowena,Gibson,Strickland French,1985-09-12,"899 Rapelye Street, Marion, Marshall Islands, 5962",password,Minerva.Neal@exemple.com,1,user_photo.png,082644115,330
Lois,Douglas,Benjamin Dale,2000-08-10,"629 Kathleen Court, Elbert, Wisconsin, 7119",password,Soto.Alford@exemple.com,1,user_photo.png,099446979,331
Antonia,Berry,Bethany Dalton,1967-04-27,"427 Alabama Avenue, Shrewsbury, Alaska, 3082",password,Camille.Gould@exemple.com,1,user_photo.png,077155533,332
Deanna,Gallegos,Edith Gamble,1975-08-31,"786 Miami Court, Tibbie, Delaware, 2288",password,Whitney.Baxter@exemple.com,1,user_photo.png,022722736,333
Evangeline,Justice,Flora Munoz,1953-05-14,"302 Centre Street, Bladensburg, Rhode Island, 3361",password,Rojas.Stuart@exemple.com,1,user_photo.png,015796347,334
Battle,Stokes,Nguyen Head,1972-06-04,"234 Stoddard Place, Dodge, Virgin Islands, 4950",password,Massey.Ford@exemple.com,1,user_photo.png,021452352,335
Pauline,Peterson,Ollie Guy,1957-10-09,"570Grace Court, Bentley, Palau, 4460",password,Vivian.Carrillo@exemple.com,1,user_photo.png,025261119,336
May,Henson,Lila Simpson,2000-02-05,"267 Dearborn Court, Greenock, New Jersey, 3934",password,Inez.Paul@exemple.com,1,user_photo.png,059277252,337
Ross,Webb,Elma Ramirez,1940-03-07,"219 Clifton Place, Thermal, Indiana, 3348",password,Dillard.Nguyen@exemple.com,1,user_photo.png,072594669,338
Dawson,Briggs,Blevins Rocha,2010-01-24,"767 Hunts Lane, Lowgap, Iowa, 1931",password,Rosemary.Hatfield@exemple.com,1,user_photo.png,053211955,339
Madeleine,Osborn,Maryellen Franks,1981-09-07,"308 Channel Avenue, Sandston, Guam, 158",password,Ramsey.Montgomery@exemple.com,1,user_photo.png,017226959,340
Chasity,Terrell,Queen Bentley,2002-12-03,"238 Hillel Place, Ladera, Minnesota, 3011",password,Maureen.Barton@exemple.com,1,user_photo.png,046899696,341
Catalina,Mcpherson,Wagner Page,1983-02-18,"962 Dahl Court, Blodgett, Louisiana, 3271",password,Glover.Rich@exemple.com,1,user_photo.png,032193787,342
Barnes,Sheppard,Hallie Greene,1961-06-10,"227 Montgomery Place, Alamo, District Of Columbia, 1381",password,Crane.Oneill@exemple.com,1,user_photo.png,049917962,343
Latoya,Freeman,Mullins Dodson,1985-09-07,"579 Columbia Place, Watrous, Oklahoma, 6051",password,Riddle.Atkins@exemple.com,1,user_photo.png,082877815,344
Dunlap,Branch,Brittney Pratt,2008-10-10,"855 Wyona Street, Holtville, Illinois, 6623",password,Nona.Walls@exemple.com,1,user_photo.png,054486419,345
Glenna,Brock,Parks Lancaster,2006-12-22,"945 Fanchon Place, Cornfields, New York, 3602",password,Meghan.Poole@exemple.com,1,user_photo.png,013374392,346
Hutchinson,Cook,Langley Glover,1993-12-13,"352 President Street, Chemung, Ohio, 2913",password,Baird.Clayton@exemple.com,1,user_photo.png,019296366,347
Fitzpatrick,Manning,Gayle Brady,1985-10-30,"768 Beverly Road, Hanover, Idaho, 3890",password,Ida.Molina@exemple.com,1,user_photo.png,047456847,348
Copeland,Anthony,Short Marquez,2010-05-09,"374 Harbor Court, Sheatown, Maryland, 9609",password,Francis.Huffman@exemple.com,1,user_photo.png,062958716,349
Annette,Mayer,Hood Joyner,1983-02-13,"405 Bedford Avenue, Skyland, Kansas, 7576",password,Warren.Sears@exemple.com,1,user_photo.png,053621168,350
Schmidt,Johnson,Vera Eaton,1925-03-08,"880Elmwood Avenue, Holcombe, South Carolina, 4813",password,Avis.Salinas@exemple.com,1,user_photo.png,025186247,351
Holmes,Perry,Gloria Roman,1926-09-06,"165 Bevy Court, Nicut, Puerto Rico, 767",password,Taylor.Mccormick@exemple.com,1,user_photo.png,049843774,352
Jarvis,Pearson,Luisa Mcfarland,1973-05-29,"146 Troutman Street, Sutton, New Hampshire, 4092",password,Leanne.Riley@exemple.com,1,user_photo.png,058419119,353
Elaine,Deleon,Ellison Blake,2006-05-15,"281 Greenwood Avenue, Jennings, Texas, 3147",password,Molina.Chavez@exemple.com,1,user_photo.png,062673351,354
Booth,Aguirre,Meyers Boyle,2011-11-20,"188 Butler Place, Ilchester, Washington, 9961",password,Karyn.Levine@exemple.com,1,user_photo.png,094462276,355
Davis,Garcia,Margery Lowery,1992-05-16,"572 Judge Street, Celeryville, Massachusetts, 4760",password,George.Moses@exemple.com,1,user_photo.png,031171866,356
Yvonne,Cameron,Tommie Hughes,1986-02-13,"917 Garnet Street, Dunnavant, American Samoa, 6560",password,Butler.Conway@exemple.com,1,user_photo.png,029134358,357
Joy,Gates,Rose Bradley,1999-04-08,"354 Granite Street, Bartley, Florida, 4968",password,Lola.Steele@exemple.com,1,user_photo.png,049544288,358
Rose,Ochoa,Hart Whitehead,1967-06-13,"369 Jackson Court, Sanford, Mississippi, 6080",password,Jaime.Goodman@exemple.com,1,user_photo.png,049479779,359
Taylor,Dejesus,Serena Lawrence,1961-06-28,"717 Clinton Avenue, Darrtown, Maine, 5262",password,Stella.Moody@exemple.com,1,user_photo.png,012986144,360
Gilmore,Pittman,Petersen Wilkerson,2007-09-08,"891 Harwood Place, Dupuyer, Arkansas, 6916",password,Le.Cooper@exemple.com,1,user_photo.png,027919839,361
Nina,Wall,Selena Stone,1995-12-05,"635 Laurel Avenue, Thornport, Tennessee, 8227",password,Weaver.Davis@exemple.com,1,user_photo.png,081468146,362
Katheryn,William,Brady Vaughn,1988-02-02,"875 Orange Street, Mahtowa, Michigan, 2317",password,Selma.Christensen@exemple.com,1,user_photo.png,022611993,363
Claire,Harding,Haney Caldwell,2007-12-06,"332 Vine Street, Elliott, Northern Mariana Islands, 2008",password,Gallagher.Johnston@exemple.com,1,user_photo.png,027555156,364
Irwin,Martin,Amelia Hurst,2009-03-04,"773 Cobek Court, Flintville, Utah, 529",password,Buckley.Garner@exemple.com,1,user_photo.png,048116964,365
Ferguson,Keller,Carla Schneider,1986-02-03,"504 Summit Street, Sugartown, Virginia, 1011",password,Sophie.Patrick@exemple.com,1,user_photo.png,043217385,366
Thelma,Mendez,Mccray Kirby,1957-04-04,"746 Flatlands Avenue, Salvo, Vermont, 3422",password,Maddox.Mcgee@exemple.com,1,user_photo.png,064237346,367
Reeves,Reid,Cash Grimes,1992-08-24,"102 Emerald Street, Northchase, West Virginia, 1609",password,Felecia.Weber@exemple.com,1,user_photo.png,025684839,368
Jewell,Best,Tillman Thomas,1966-04-30,"692 Kingsland Avenue, Denio, Georgia, 5997",password,Hanson.Watkins@exemple.com,1,user_photo.png,028683537,369
Lauren,Wood,Welch Leblanc,2013-10-21,"691 Adelphi Street, Roulette, New Mexico, 6762",password,Minnie.Blackburn@exemple.com,1,user_photo.png,051414645,370
Nadine,Joyce,Sonia Burgess,1936-11-09,"838 Lenox Road, Edenburg, Missouri, 8285",password,Juliet.Herrera@exemple.com,1,user_photo.png,016998676,371
Phelps,Bush,Sonya Walker,1993-04-15,"657 Clark Street, Tetherow, Nebraska, 1031",password,Christian.Jacobson@exemple.com,1,user_photo.png,068874481,372
Janell,Stevens,Sosa Carroll,2009-12-13,"542 Division Avenue, Lodoga, Montana, 4674",password,Jacobson.Lindsey@exemple.com,1,user_photo.png,097985981,373
Lowe,Shepard,Imelda Day,1987-01-13,"280Hendrickson Street, Hendersonville, Kentucky, 7327",password,Anastasia.Waters@exemple.com,1,user_photo.png,082295971,374
Odom,Bryan,Viola Atkinson,1998-02-11,"747 Harrison Avenue, Kapowsin, North Dakota, 4866",password,Mcpherson.Carver@exemple.com,1,user_photo.png,033628844,375
Nixon,Joseph,Woodward Collier,1996-09-19,"748 Bijou Avenue, Martinsville, Connecticut, 5000",password,Lina.Clarke@exemple.com,1,user_photo.png,056496836,376
Dorothy,Odom,Tanner Montoya,1957-09-11,"182 Mill Road, Coldiron, Wyoming, 4375",password,Kelley.Mckee@exemple.com,1,user_photo.png,084188922,377
Barbra,Cox,Tamera Spencer,1988-07-29,"424 Times Placez, Bradenville, Alabama, 2321",password,Wilkinson.Larson@exemple.com,1,user_photo.png,022696147,378
Isabella,Keith,Luann Gentry,2005-07-13,"357 Emerson Place, Rossmore, South Dakota, 1696",password,Lucia.Mcdaniel@exemple.com,1,user_photo.png,053696326,379
Leonor,Booker,Jeannine Rodriguez,1941-09-25,"492 Frank Court, Caspar, Oregon, 6983",password,Candace.Case@exemple.com,1,user_photo.png,023841653,380
Williams,Gilbert,Hess Norton,1998-11-02,"775 Atlantic Avenue, Hailesboro, Arizona, 1358",password,Maribel.Beach@exemple.com,1,user_photo.png,049997459,381
Magdalena,Flores,Katharine Conner,1998-02-06,"882 Bainbridge Street, Shepardsville, Pennsylvania, 5747",password,Acosta.Simmons@exemple.com,1,user_photo.png,032721653,382
Best,Vinson,Jefferson Cruz,1949-06-09,"371 Townsend Street, Snelling, Nevada, 7862",password,Chandler.Campbell@exemple.com,1,user_photo.png,097296211,383
Romero,Anderson,Bertie Valentine,1973-03-16,"549 Lewis Place, Enlow, Hawaii, 1562",password,Galloway.Tran@exemple.com,1,user_photo.png,082258262,384
Banks,Hancock,Allison Hill,2012-07-10,"110Dinsmore Place, Lafferty, North Carolina, 396",password,Darla.Rosa@exemple.com,1,user_photo.png,024139874,385
Janice,Daniels,Nannie Duncan,1941-05-07,"424 Humboldt Street, Toftrees, California, 346",password,Mamie.Porter@exemple.com,1,user_photo.png,081299792,386
Drake,Slater,Loraine Fields,1966-06-16,"575 Suydam Place, Concho, Colorado, 5598",password,Stephenson.Little@exemple.com,1,user_photo.png,048375854,387
Russell,Kennedy,Jennie Long,1979-07-28,"363 Montana Place, Abrams, Marshall Islands, 5647",password,Anita.Perez@exemple.com,1,user_photo.png,051665725,388
Jenkins,Lawson,Vang Hyde,1998-12-24,"346 Rogers Avenue, Wolcott, Wisconsin, 6485",password,Nanette.Pate@exemple.com,1,user_photo.png,043486697,389
Ronda,Whitley,Sheree Sykes,2011-01-20,"287 Chase Court, Nipinnawasee, Alaska, 3010",password,Samantha.Morse@exemple.com,1,user_photo.png,079132797,390
Melinda,Mcbride,Haley Reilly,1999-05-29,"237 Bridgewater Street, Matthews, Delaware, 5715",password,Fleming.Todd@exemple.com,1,user_photo.png,013593834,391
Ernestine,Johns,Miller Morgan,2013-02-13,"360Strauss Street, Cartwright, Rhode Island, 2406",password,Juanita.Winters@exemple.com,1,user_photo.png,038355723,392
Dudley,Park,Lana Rosales,2007-04-03,"525 Hendrickson Place, Matheny, Virgin Islands, 5862",password,Zimmerman.Wolfe@exemple.com,1,user_photo.png,028841814,393
Angie,Black,Beryl Campos,1977-09-06,"262 Norfolk Street, Moscow, Palau, 8798",password,Blackwell.Stafford@exemple.com,1,user_photo.png,093593873,394
Sims,Adams,Alma Allison,1998-10-09,"604 Denton Place, Gilmore, New Jersey, 8726",password,Morris.Charles@exemple.com,1,user_photo.png,061517255,395
Erna,Nash,Sampson Burns,1982-12-24,"553 Fleet Walk, Hegins, Indiana, 6171",password,Shanna.Richardson@exemple.com,1,user_photo.png,039776396,396
Keri,Madden,Roslyn Gibbs,1990-05-28,"637 Berry Street, Belmont, Iowa, 8885",password,Aida.Hodges@exemple.com,1,user_photo.png,052626619,397
Frieda,Koch,Tran Livingston,1993-10-26,"973 Clove Road, Tioga, Guam, 334",password,Holder.Merrill@exemple.com,1,user_photo.png,054229718,398
Serrano,Mack,Kasey Quinn,2009-03-22,"994 Sands Street, Machias, Minnesota, 939",password,Rios.Clemons@exemple.com,1,user_photo.png,015494337,399
Vega,Mcmahon,Cara Bender,1942-08-27,"371 Seagate Terrace, Whitestone, Louisiana, 1493",password,Jasmine.Ferrell@exemple.com,1,user_photo.png,059329282,400
Amber,Stewart,Ballard Williams,2012-06-01,"137 Alice Court, Needmore, District Of Columbia, 5422",password,Moses.Stanton@exemple.com,1,user_photo.png,047825473,401
Jodi,Harrington,Harper Lane,2006-02-03,"401 Kenmore Terrace, Chapin, Oklahoma, 8595",password,Love.Romero@exemple.com,1,user_photo.png,057238816,402
Perkins,Floyd,Lee Tucker,1988-12-02,"606 Gilmore Court, Calvary, Illinois, 5535",password,Hester.Alexander@exemple.com,1,user_photo.png,079522915,403
Sherry,Gross,Madden Dixon,2015-08-09,"691 Louisiana Avenue, Morgandale, New York, 9868",password,Abbott.Stephens@exemple.com,1,user_photo.png,076246241,404
Gross,Heath,Morgan Chapman,1947-01-17,"403 Royce Street, Romeville, Ohio, 9133",password,Carey.Shepherd@exemple.com,1,user_photo.png,078797651,405
Winifred,Ferguson,Nicole Bowen,1955-08-31,"191 Bergen Avenue, Calverton, Idaho, 361",password,Tammi.Crosby@exemple.com,1,user_photo.png,022458574,406
Dianna,Acevedo,Hardy Hammond,2009-09-04,"983 Hinsdale Street, Barclay, Maryland, 9572",password,Valentine.Barnett@exemple.com,1,user_photo.png,033547628,407
Peters,King,Rhonda Phillips,1982-01-07,"612 Poplar Avenue, Jamestown, Kansas, 4391",password,Georgina.Hickman@exemple.com,1,user_photo.png,055312977,408
Mcconnell,Barnes,Willis Leonard,1981-05-25,"132 Aster Court, Vaughn, South Carolina, 7469",password,Maryanne.Nixon@exemple.com,1,user_photo.png,026476666,409
Cecile,Murray,Norman Petty,1990-04-09,"783 Doughty Street, Tilleda, Puerto Rico, 9158",password,Elva.Gay@exemple.com,1,user_photo.png,085762374,410
Jannie,Holder,Tania Weiss,1982-08-22,"107 Gallatin Place, Freelandville, New Hampshire, 758",password,Nash.Hobbs@exemple.com,1,user_photo.png,047957619,411
Brown,Butler,Ingrid Foreman,1940-02-20,"325 Coleridge Street, Condon, Texas, 9942",password,Gaines.Wyatt@exemple.com,1,user_photo.png,089465747,412
Prince,Cunningham,Martha Morton,1988-05-05,"403 Bogart Street, Bethany, Washington, 7887",password,Hull.Jimenez@exemple.com,1,user_photo.png,012888864,413
Herminia,Dotson,Colon Frost,2009-06-05,"739 Bouck Court, Goodville, Massachusetts, 7412",password,Knight.Forbes@exemple.com,1,user_photo.png,012168168,414
Martina,Stephenson,Harding Oconnor,1990-09-03,"301 Harkness Avenue, Northridge, American Samoa, 6052",password,Leticia.Hale@exemple.com,1,user_photo.png,095952971,415
Verna,Santos,Kristie Frederick,1997-04-08,"744 Clifford Place, Herlong, Florida, 8777",password,Bradford.Chambers@exemple.com,1,user_photo.png,065623635,416
Stevenson,Lee,Judy Matthews,1988-06-27,"806 Falmouth Street, Belleview, Mississippi, 4399",password,Wolfe.Parrish@exemple.com,1,user_photo.png,014472617,417
Lesa,Mann,Tiffany Cain,2006-12-08,"423 Boynton Place, Chalfant, Maine, 2452",password,Lindsey.Shaffer@exemple.com,1,user_photo.png,014957122,418
Sybil,Aguilar,Ophelia Buck,2010-09-25,"421 Wyckoff Street, Nadine, Arkansas, 3155",password,Chandra.Roy@exemple.com,1,user_photo.png,061479456,419
Hall,Wells,Violet Patton,2005-09-06,"249 Vermont Street, Takilma, Tennessee, 5219",password,Carlene.Webster@exemple.com,1,user_photo.png,048444738,420
Sears,Randall,Goodman Walton,2007-05-07,"543 Billings Place, Kipp, Michigan, 1427",password,Nunez.Velez@exemple.com,1,user_photo.png,049716889,421
Thomas,Colon,Moody Knight,2002-06-07,"350Decatur Street, Chesapeake, Northern Mariana Islands, 8494",password,Rena.Alston@exemple.com,1,user_photo.png,037266645,422
Angelica,Grant,Jennifer Wallace,1966-08-15,"673 Just Court, Warsaw, Utah, 3096",password,Ursula.Parsons@exemple.com,1,user_photo.png,039195611,423
Dalton,Robertson,Gardner Yang,2008-03-09,"389 Bartlett Place, Canby, Virginia, 9337",password,Cochran.Conley@exemple.com,1,user_photo.png,085564466,424
Tammie,Burnett,Caroline Chang,1995-02-05,"683 Woodbine Street, Lupton, Vermont, 7236",password,Yolanda.Lindsay@exemple.com,1,user_photo.png,031541533,425
Pacheco,Pena,Emily Dunn,1983-10-07,"899 Bryant Street, Talpa, West Virginia, 4966",password,Juana.Mclaughlin@exemple.com,1,user_photo.png,043752323,426
Miriam,Gillespie,Helen Wiggins,2001-07-22,"490Bay Street, Harmon, Georgia, 3416",password,Nolan.Mcconnell@exemple.com,1,user_photo.png,032794924,427
Davenport,Schmidt,Valencia Garza,1979-03-26,"758 Auburn Place, Harrodsburg, New Mexico, 2389",password,Barry.Craft@exemple.com,1,user_photo.png,016165115,428
Lewis,Donaldson,Dena Torres,1999-11-02,"597 Neptune Avenue, Avoca, Missouri, 723",password,Patel.Durham@exemple.com,1,user_photo.png,084477533,429
Teri,Gallagher,Jennings Harvey,1972-12-23,"733 Cass Place, Advance, Nebraska, 2766",password,Lloyd.Kemp@exemple.com,1,user_photo.png,098377359,430
Hendricks,Odonnell,Diane Martinez,1942-03-12,"743 Montieth Street, Martell, Montana, 2108",password,Lena.Schroeder@exemple.com,1,user_photo.png,071834439,431
Wilkins,Mccoy,Annmarie Mcknight,2002-01-19,"703 Cove Lane, Century, Kentucky, 4418",password,Flores.Franklin@exemple.com,1,user_photo.png,093774211,432
Hilda,Powers,Beth Benjamin,2010-10-19,"737 Danforth Street, Cressey, North Dakota, 3711",password,Donaldson.Sherman@exemple.com,1,user_photo.png,017537852,433
Snyder,Mullen,Bernice Olsen,1972-05-05,"625 Thomas Street, Moraida, Connecticut, 714",password,Melisa.Lamb@exemple.com,1,user_photo.png,045545999,434
Terrell,Morales,Ferrell Dorsey,1961-07-29,"615 Post Court, Ruffin, Wyoming, 6145",password,Suzanne.Byrd@exemple.com,1,user_photo.png,057666767,435
Lula,Walters,Roseann Jones,1952-03-01,"210Dare Court, Axis, Alabama, 116",password,Jan.Crawford@exemple.com,1,user_photo.png,049141387,436
Coleman,Salas,Kane Chandler,1955-02-26,"365 Blake Court, Weogufka, South Dakota, 8070",password,Sallie.Monroe@exemple.com,1,user_photo.png,042225292,437
Marietta,Myers,Araceli Kent,1976-01-18,"983 Fane Court, Winchester, Oregon, 4142",password,Vicky.Silva@exemple.com,1,user_photo.png,025151461,438
Gallegos,Herring,Mays Humphrey,1961-03-01,"186 Bennet Court, Cucumber, Arizona, 1719",password,Barnett.Bishop@exemple.com,1,user_photo.png,035543914,439
Black,Harrell,Florence Mckay,2008-12-27,"743 Hancock Street, Cloverdale, Pennsylvania, 811",password,Fischer.Hawkins@exemple.com,1,user_photo.png,019354142,440
Moss,Mcgowan,Randi Guthrie,1982-04-09,"920Ross Street, Homeland, Nevada, 5527",password,Allyson.May@exemple.com,1,user_photo.png,092484678,441
Pena,Fletcher,Natasha Byers,1993-10-25,"832 Ridgewood Avenue, Rutherford, Hawaii, 5408",password,Branch.Morin@exemple.com,1,user_photo.png,055976668,442
Jody,Small,Susana Ruiz,1994-11-20,"415 Himrod Street, Caroline, North Carolina, 7548",password,Gina.Saunders@exemple.com,1,user_photo.png,042428514,443
Ruthie,Wagner,Stacie Curry,2012-08-23,"174 Howard Alley, Cornucopia, California, 6337",password,Janelle.Dunlap@exemple.com,1,user_photo.png,063214589,444
Trina,Reynolds,Chase Salazar,1969-02-21,"614 Estate Road, Boonville, Colorado, 7937",password,Cherie.Schultz@exemple.com,1,user_photo.png,014168259,445
Aguirre,Jarvis,Patsy Mendoza,1986-10-15,"894 Noble Street, Waterford, Marshall Islands, 2202",password,Grant.Hunt@exemple.com,1,user_photo.png,035893429,446
Nielsen,Bright,Johnston Blanchard,2012-06-29,"944 Manhattan Avenue, Jessie, Wisconsin, 2737",password,Holman.Bowers@exemple.com,1,user_photo.png,045548621,447
Alexander,Irwin,Mavis Lloyd,1967-07-21,"328 Doscher Street, Glenville, Alaska, 4688",password,Adeline.Potts@exemple.com,1,user_photo.png,078775459,448
Alissa,Puckett,Roberts Sims,1979-06-09,"221 Commerce Street, Shindler, Delaware, 2041",password,Emma.Travis@exemple.com,1,user_photo.png,015383428,449
Elena,Cochran,Alexis Kaufman,1989-01-03,"255 Bokee Court, Kohatk, Rhode Island, 8887",password,Deena.Snyder@exemple.com,1,user_photo.png,071795747,450
Naomi,Hunter,Cecilia Duke,1941-09-13,"241 Bulwer Place, Ticonderoga, Virgin Islands, 7727",password,Tameka.Thompson@exemple.com,1,user_photo.png,073293949,451
Sarah,Shields,Larson Franco,1983-07-03,"999 Woodruff Avenue, Rose, Palau, 9642",password,Lara.Cole@exemple.com,1,user_photo.png,026635973,452
Church,Giles,Elliott Love,1931-12-20,"846 Bedell Lane, Bowmansville, New Jersey, 7705",password,Ester.Rodgers@exemple.com,1,user_photo.png,029866883,453
Rosanne,Reese,Wright Velazquez,1970-08-31,"990Delevan Street, Salix, Indiana, 4561",password,Scott.Figueroa@exemple.com,1,user_photo.png,063239248,454
Trujillo,Hendrix,Corina Oliver,1982-05-04,"935 Kermit Place, Falconaire, Iowa, 3331",password,Wilcox.Nelson@exemple.com,1,user_photo.png,031711556,455
Della,Cardenas,Bonita Frye,1995-04-03,"633 Menahan Street, Harviell, Guam, 6156",password,Jeanine.Juarez@exemple.com,1,user_photo.png,092933254,456
Terrie,Sutton,Reba Hester,2016-10-22,"296 Schenck Place, Murillo, Minnesota, 3630",password,Fern.Jackson@exemple.com,1,user_photo.png,026552158,457
Garza,Hartman,Hatfield Wiley,1933-04-15,"633 Love Lane, Alderpoint, Louisiana, 1083",password,Angelita.Copeland@exemple.com,1,user_photo.png,078481284,458
Ana,Diaz,Rosanna Mcmillan,2016-02-14,"287 Flatbush Avenue, Chase, District Of Columbia, 1180",password,Cooley.Warner@exemple.com,1,user_photo.png,096151341,459
Lucy,Mcintyre,Howard Sellers,1965-11-29,"333 Willow Place, Gracey, Oklahoma, 1529",password,Crystal.Lopez@exemple.com,1,user_photo.png,096219425,460
Ladonna,Cotton,Gilda Edwards,2010-05-07,"179 Charles Place, Fannett, Illinois, 8955",password,Stark.Weaver@exemple.com,1,user_photo.png,017343159,461
Alisha,Kane,Briana Dickson,2008-10-24,"966 Baughman Place, Durham, New York, 1374",password,Mary.Meyers@exemple.com,1,user_photo.png,084979134,462
Sylvia,Hart,Hurst Rowe,1997-01-07,"796 Ruby Street, Springdale, Ohio, 2896",password,Baker.Frank@exemple.com,1,user_photo.png,082373814,463
Crosby,Potter,Fields Haney,1964-02-14,"396 Brown Street, Lewis, Idaho, 1809",password,Leola.Holland@exemple.com,1,user_photo.png,015892249,464
Lillie,Fitzgerald,Fran Maddox,1985-11-06,"348 Polhemus Place, Fidelis, Maryland, 9122",password,Aline.Higgins@exemple.com,1,user_photo.png,015631788,465
Hayes,Knapp,Sexton Guzman,1998-05-07,"490Montauk Avenue, Faxon, Kansas, 6395",password,Tabitha.Fuentes@exemple.com,1,user_photo.png,073461567,466
Carson,Foster,Bishop Wolf,1981-08-08,"548 Leonora Court, Chamizal, South Carolina, 6822",password,Carter.Garrison@exemple.com,1,user_photo.png,087493499,467
Mcgowan,Malone,Ola Rowland,2006-11-13,"331 Hart Street, Smock, Puerto Rico, 5613",password,Pam.Middleton@exemple.com,1,user_photo.png,054778515,468
Phillips,Ballard,Compton Burke,1974-01-01,"791 Greene Avenue, Waumandee, New Hampshire, 7199",password,Calhoun.Andrews@exemple.com,1,user_photo.png,035919284,469
Farrell,Miranda,Brooks Ramos,2007-11-21,"940Lloyd Street, Chesterfield, Texas, 3598",password,Wilda.Mclean@exemple.com,1,user_photo.png,058184619,470
Teresa,Daugherty,Rachelle Griffith,2010-07-27,"183 Java Street, Bendon, Washington, 4748",password,Lester.Langley@exemple.com,1,user_photo.png,034479849,471
Rosalind,Rose,Farley Holloway,1955-06-04,"684 Elliott Place, Cashtown, Massachusetts, 3431",password,Michelle.Fleming@exemple.com,1,user_photo.png,095942424,472
Whitehead,Flowers,Margaret Oneal,2008-02-11,"370Coventry Road, Fairfield, American Samoa, 1129",password,Rosario.Clark@exemple.com,1,user_photo.png,014797811,473
Casey,Wong,Vincent Knox,2004-04-19,"431 Havemeyer Street, Jeff, Florida, 9212",password,Jacklyn.Avila@exemple.com,1,user_photo.png,027849566,474
Lourdes,Moon,Kelley Mccray,2000-07-02,"153 Fountain Avenue, Gibbsville, Mississippi, 5195",password,Cortez.Combs@exemple.com,1,user_photo.png,067966255,475
Kirsten,Young,Dillon Marks,1980-07-10,"161 Kay Court, Greer, Maine, 2069",password,Cleo.Russell@exemple.com,1,user_photo.png,096365982,476
Santiago,Newman,Figueroa Sandoval,1967-03-17,"623 Portal Street, Ona, Arkansas, 8448",password,Sanford.Gaines@exemple.com,1,user_photo.png,098694438,477
Josefina,Baldwin,Genevieve Short,1933-04-02,"783 Crooke Avenue, Winesburg, Tennessee, 504",password,Corrine.Downs@exemple.com,1,user_photo.png,019548713,478
Maggie,Sanders,Robbie Scott,2013-03-13,"789 Arlington Place, Edinburg, Michigan, 3663",password,Beverly.Hamilton@exemple.com,1,user_photo.png,061356323,479
Guthrie,Villarreal,Estelle Castillo,1990-01-09,"132 Kiely Place, Fairforest, Northern Mariana Islands, 4807",password,Jerry.Bernard@exemple.com,1,user_photo.png,071693926,480
Vicki,Ortega,Madelyn White,1936-02-11,"673 Carroll Street, Crumpler, Utah, 8108",password,Rochelle.Macias@exemple.com,1,user_photo.png,013387282,481
David,Griffin,Herrera Richmond,2016-04-04,"790Vanderbilt Avenue, Herbster, Virginia, 9256",password,Misty.Dominguez@exemple.com,1,user_photo.png,099583646,482
