id,personID,category,link
0,29,6,www.ouwasav.com
1,25,4,www.ouwasav.com
2,122,3,www.ouwasav.com
3,121,8,www.ouwasav.com
4,126,2,www.ouwasav.com
5,149,5,www.ouwasav.com
6,106,8,www.ouwasav.com
7,139,1,www.ouwasav.com
8,54,0,www.ouwasav.com
9,36,6,www.ouwasav.com
10,43,9,www.ouwasav.com
11,24,0,www.ouwasav.com
12,55,2,www.ouwasav.com
13,58,2,www.ouwasav.com
14,19,8,www.ouwasav.com
15,135,9,www.ouwasav.com
16,29,3,www.ouwasav.com
17,13,0,www.ouwasav.com
18,71,3,www.ouwasav.com
19,2,6,www.ouwasav.com
20,90,6,www.ouwasav.com
21,88,0,www.ouwasav.com
22,136,8,www.ouwasav.com
23,96,8,www.ouwasav.com
24,30,4,www.ouwasav.com
25,67,4,www.ouwasav.com
26,50,4,www.ouwasav.com
27,123,9,www.ouwasav.com
28,131,9,www.ouwasav.com
29,73,1,www.ouwasav.com
30,49,2,www.ouwasav.com
31,140,0,www.ouwasav.com
32,37,8,www.ouwasav.com
33,11,4,www.ouwasav.com
34,102,5,www.ouwasav.com
35,118,2,www.ouwasav.com
36,60,3,www.ouwasav.com
37,127,5,www.ouwasav.com
38,71,5,www.ouwasav.com
39,16,7,www.ouwasav.com
40,150,4,www.ouwasav.com
41,117,4,www.ouwasav.com
42,108,8,www.ouwasav.com
43,40,9,www.ouwasav.com
44,81,7,www.ouwasav.com
45,82,0,www.ouwasav.com
46,75,2,www.ouwasav.com
47,87,3,www.ouwasav.com
48,142,4,www.ouwasav.com
49,125,5,www.ouwasav.com
50,112,6,www.ouwasav.com
51,144,1,www.ouwasav.com
52,52,3,www.ouwasav.com
53,95,1,www.ouwasav.com
54,16,2,www.ouwasav.com
55,70,1,www.ouwasav.com
56,61,2,www.ouwasav.com
57,101,1,www.ouwasav.com
58,65,1,www.ouwasav.com
59,113,9,www.ouwasav.com
60,38,6,www.ouwasav.com
61,7,8,www.ouwasav.com
62,135,6,www.ouwasav.com
63,127,2,www.ouwasav.com
64,117,9,www.ouwasav.com
65,51,1,www.ouwasav.com
66,135,1,www.ouwasav.com
67,92,4,www.ouwasav.com
68,107,1,www.ouwasav.com
69,1,8,www.ouwasav.com
70,96,5,www.ouwasav.com
71,131,4,www.ouwasav.com
72,54,1,www.ouwasav.com
73,120,2,www.ouwasav.com
74,111,5,www.ouwasav.com
75,127,0,www.ouwasav.com
76,82,1,www.ouwasav.com
77,50,8,www.ouwasav.com
78,140,8,www.ouwasav.com
79,147,2,www.ouwasav.com
80,82,3,www.ouwasav.com
81,116,6,www.ouwasav.com
82,136,9,www.ouwasav.com
83,16,5,www.ouwasav.com
84,69,4,www.ouwasav.com
85,13,0,www.ouwasav.com
86,130,9,www.ouwasav.com
87,3,8,www.ouwasav.com
88,144,9,www.ouwasav.com
89,1,2,www.ouwasav.com
90,107,8,www.ouwasav.com
91,116,0,www.ouwasav.com
92,3,0,www.ouwasav.com
93,150,9,www.ouwasav.com
94,6,8,www.ouwasav.com
95,81,3,www.ouwasav.com
96,79,8,www.ouwasav.com
97,125,1,www.ouwasav.com
98,99,5,www.ouwasav.com
99,144,1,www.ouwasav.com
100,12,1,www.ouwasav.com
101,76,7,www.ouwasav.com
102,2,2,www.ouwasav.com
103,33,6,www.ouwasav.com
104,27,4,www.ouwasav.com
105,148,1,www.ouwasav.com
106,111,5,www.ouwasav.com
107,139,0,www.ouwasav.com
108,66,6,www.ouwasav.com
109,35,9,www.ouwasav.com
110,14,4,www.ouwasav.com
111,1,9,www.ouwasav.com
112,60,0,www.ouwasav.com
113,79,4,www.ouwasav.com
114,71,0,www.ouwasav.com
115,52,3,www.ouwasav.com
116,25,9,www.ouwasav.com
117,56,6,www.ouwasav.com
118,101,4,www.ouwasav.com
119,124,3,www.ouwasav.com
120,126,1,www.ouwasav.com
121,100,8,www.ouwasav.com
122,125,4,www.ouwasav.com
123,8,7,www.ouwasav.com
124,121,0,www.ouwasav.com
125,20,6,www.ouwasav.com
126,142,8,www.ouwasav.com
127,10,6,www.ouwasav.com
128,12,3,www.ouwasav.com
129,5,6,www.ouwasav.com
130,35,7,www.ouwasav.com
131,82,5,www.ouwasav.com
132,80,5,www.ouwasav.com
133,111,9,www.ouwasav.com
134,75,1,www.ouwasav.com
135,14,7,www.ouwasav.com
136,104,1,www.ouwasav.com
137,78,0,www.ouwasav.com
138,27,7,www.ouwasav.com
139,12,3,www.ouwasav.com
140,54,7,www.ouwasav.com
141,109,9,www.ouwasav.com
142,87,4,www.ouwasav.com
143,7,3,www.ouwasav.com
144,16,3,www.ouwasav.com
145,56,3,www.ouwasav.com
146,103,5,www.ouwasav.com
147,148,2,www.ouwasav.com
148,146,4,www.ouwasav.com
149,127,6,www.ouwasav.com
150,37,2,www.ouwasav.com
151,94,7,www.ouwasav.com
152,94,1,www.ouwasav.com
153,93,2,www.ouwasav.com
154,92,4,www.ouwasav.com
155,50,5,www.ouwasav.com
156,63,9,www.ouwasav.com
157,126,8,www.ouwasav.com
158,30,1,www.ouwasav.com
159,8,4,www.ouwasav.com
160,65,4,www.ouwasav.com
161,47,7,www.ouwasav.com
162,135,8,www.ouwasav.com
163,117,8,www.ouwasav.com
164,81,1,www.ouwasav.com
165,147,3,www.ouwasav.com
166,125,1,www.ouwasav.com
167,141,5,www.ouwasav.com
168,79,6,www.ouwasav.com
169,27,8,www.ouwasav.com
170,15,0,www.ouwasav.com
171,52,0,www.ouwasav.com
172,45,3,www.ouwasav.com
173,84,0,www.ouwasav.com
174,4,5,www.ouwasav.com
175,89,3,www.ouwasav.com
176,28,4,www.ouwasav.com
177,137,5,www.ouwasav.com
178,104,6,www.ouwasav.com
179,76,4,www.ouwasav.com
180,24,9,www.ouwasav.com
181,78,4,www.ouwasav.com
182,44,6,www.ouwasav.com
183,78,0,www.ouwasav.com
184,142,2,www.ouwasav.com
185,114,6,www.ouwasav.com
186,6,3,www.ouwasav.com
187,138,9,www.ouwasav.com
188,101,7,www.ouwasav.com
189,83,9,www.ouwasav.com
190,137,0,www.ouwasav.com
191,134,8,www.ouwasav.com
192,66,3,www.ouwasav.com
193,14,9,www.ouwasav.com
194,27,8,www.ouwasav.com
195,92,4,www.ouwasav.com
196,129,1,www.ouwasav.com
197,15,1,www.ouwasav.com
198,92,0,www.ouwasav.com
199,129,6,www.ouwasav.com
200,16,3,www.ouwasav.com
201,5,4,www.ouwasav.com
202,48,5,www.ouwasav.com
203,148,4,www.ouwasav.com
204,86,4,www.ouwasav.com
205,56,2,www.ouwasav.com
206,11,3,www.ouwasav.com
207,10,2,www.ouwasav.com
208,15,5,www.ouwasav.com
209,50,9,www.ouwasav.com
210,98,6,www.ouwasav.com
211,30,1,www.ouwasav.com
212,54,1,www.ouwasav.com
213,102,8,www.ouwasav.com
214,39,1,www.ouwasav.com
215,117,3,www.ouwasav.com
216,150,3,www.ouwasav.com
217,59,8,www.ouwasav.com
218,93,0,www.ouwasav.com
219,81,8,www.ouwasav.com
220,15,0,www.ouwasav.com
221,57,4,www.ouwasav.com
222,68,7,www.ouwasav.com
223,13,2,www.ouwasav.com
224,52,1,www.ouwasav.com
225,44,5,www.ouwasav.com
226,48,1,www.ouwasav.com
227,103,3,www.ouwasav.com
228,52,1,www.ouwasav.com
229,44,5,www.ouwasav.com
230,150,1,www.ouwasav.com
231,6,5,www.ouwasav.com
232,62,7,www.ouwasav.com
233,137,3,www.ouwasav.com
234,115,8,www.ouwasav.com
235,70,4,www.ouwasav.com
236,69,5,www.ouwasav.com
237,50,6,www.ouwasav.com
238,54,5,www.ouwasav.com
239,140,9,www.ouwasav.com
240,4,0,www.ouwasav.com
241,11,4,www.ouwasav.com
242,48,2,www.ouwasav.com
243,131,8,www.ouwasav.com
244,129,4,www.ouwasav.com
245,62,9,www.ouwasav.com
246,56,2,www.ouwasav.com
247,31,1,www.ouwasav.com
248,41,2,www.ouwasav.com
249,94,6,www.ouwasav.com
250,93,1,www.ouwasav.com
251,14,5,www.ouwasav.com
252,71,8,www.ouwasav.com
253,111,7,www.ouwasav.com
254,126,9,www.ouwasav.com
255,96,1,www.ouwasav.com
256,15,7,www.ouwasav.com
257,134,0,www.ouwasav.com
258,46,8,www.ouwasav.com
259,96,1,www.ouwasav.com
260,133,7,www.ouwasav.com
261,1,0,www.ouwasav.com
262,84,7,www.ouwasav.com
263,96,0,www.ouwasav.com
264,90,7,www.ouwasav.com
265,36,6,www.ouwasav.com
266,48,7,www.ouwasav.com
267,129,7,www.ouwasav.com
268,123,9,www.ouwasav.com
269,86,9,www.ouwasav.com
270,68,5,www.ouwasav.com
271,55,2,www.ouwasav.com
272,9,6,www.ouwasav.com
273,129,1,www.ouwasav.com
274,16,5,www.ouwasav.com
275,76,8,www.ouwasav.com
276,43,5,www.ouwasav.com
277,15,9,www.ouwasav.com
278,149,1,www.ouwasav.com
279,139,3,www.ouwasav.com
280,6,6,www.ouwasav.com
281,4,8,www.ouwasav.com
282,139,7,www.ouwasav.com
283,52,4,www.ouwasav.com
284,94,4,www.ouwasav.com
285,85,2,www.ouwasav.com
286,100,2,www.ouwasav.com
287,47,6,www.ouwasav.com
288,35,9,www.ouwasav.com
289,145,5,www.ouwasav.com
290,72,0,www.ouwasav.com
291,106,4,www.ouwasav.com
292,133,2,www.ouwasav.com
293,28,2,www.ouwasav.com
294,83,4,www.ouwasav.com
295,99,0,www.ouwasav.com
296,135,0,www.ouwasav.com
297,71,4,www.ouwasav.com
298,2,9,www.ouwasav.com
299,55,1,www.ouwasav.com
300,111,8,www.ouwasav.com
301,135,8,www.ouwasav.com
302,34,6,www.ouwasav.com
303,145,6,www.ouwasav.com
304,76,8,www.ouwasav.com
305,83,5,www.ouwasav.com
306,97,4,www.ouwasav.com
307,99,9,www.ouwasav.com
308,63,3,www.ouwasav.com
309,93,3,www.ouwasav.com
310,79,0,www.ouwasav.com
311,71,7,www.ouwasav.com
312,68,2,www.ouwasav.com
313,126,9,www.ouwasav.com
314,55,0,www.ouwasav.com
315,71,7,www.ouwasav.com
316,106,1,www.ouwasav.com
317,78,5,www.ouwasav.com
318,117,7,www.ouwasav.com
319,93,0,www.ouwasav.com
320,117,4,www.ouwasav.com
321,124,4,www.ouwasav.com
322,99,3,www.ouwasav.com
323,4,0,www.ouwasav.com
324,109,1,www.ouwasav.com
325,136,4,www.ouwasav.com
326,10,6,www.ouwasav.com
327,103,7,www.ouwasav.com
328,87,3,www.ouwasav.com
329,23,8,www.ouwasav.com
330,150,3,www.ouwasav.com
331,103,5,www.ouwasav.com
332,112,9,www.ouwasav.com
333,149,8,www.ouwasav.com
334,37,1,www.ouwasav.com
335,27,6,www.ouwasav.com
336,45,3,www.ouwasav.com
337,23,7,www.ouwasav.com
338,119,6,www.ouwasav.com
339,74,3,www.ouwasav.com
340,47,8,www.ouwasav.com
341,113,2,www.ouwasav.com
342,19,6,www.ouwasav.com
343,98,1,www.ouwasav.com
344,41,5,www.ouwasav.com
345,42,5,www.ouwasav.com
346,129,9,www.ouwasav.com
347,82,4,www.ouwasav.com
348,60,4,www.ouwasav.com
349,128,4,www.ouwasav.com
350,10,2,www.ouwasav.com
351,75,5,www.ouwasav.com
352,95,0,www.ouwasav.com
353,55,7,www.ouwasav.com
354,108,1,www.ouwasav.com
355,38,0,www.ouwasav.com
356,17,2,www.ouwasav.com
357,67,9,www.ouwasav.com
358,55,7,www.ouwasav.com
359,126,1,www.ouwasav.com
360,27,8,www.ouwasav.com
361,136,2,www.ouwasav.com
362,16,7,www.ouwasav.com
363,46,2,www.ouwasav.com
364,145,7,www.ouwasav.com
365,136,0,www.ouwasav.com
366,19,3,www.ouwasav.com
367,55,4,www.ouwasav.com
368,29,1,www.ouwasav.com
369,111,9,www.ouwasav.com
370,118,6,www.ouwasav.com
371,147,0,www.ouwasav.com
372,57,6,www.ouwasav.com
373,135,6,www.ouwasav.com
374,53,3,www.ouwasav.com
375,15,7,www.ouwasav.com
376,26,4,www.ouwasav.com
377,66,8,www.ouwasav.com
378,124,3,www.ouwasav.com
379,131,0,www.ouwasav.com
380,59,3,www.ouwasav.com
381,114,6,www.ouwasav.com
382,61,6,www.ouwasav.com
383,38,9,www.ouwasav.com
384,30,1,www.ouwasav.com
385,111,5,www.ouwasav.com
386,128,6,www.ouwasav.com
387,79,3,www.ouwasav.com
388,3,2,www.ouwasav.com
389,78,0,www.ouwasav.com
390,109,0,www.ouwasav.com
391,38,5,www.ouwasav.com
392,147,5,www.ouwasav.com
393,72,6,www.ouwasav.com
394,138,9,www.ouwasav.com
395,58,9,www.ouwasav.com
396,23,0,www.ouwasav.com
397,60,9,www.ouwasav.com
398,49,3,www.ouwasav.com
399,47,3,www.ouwasav.com
400,127,7,www.ouwasav.com
401,15,4,www.ouwasav.com
402,1,5,www.ouwasav.com
403,73,2,www.ouwasav.com
404,17,9,www.ouwasav.com
405,111,3,www.ouwasav.com
406,38,2,www.ouwasav.com
407,91,4,www.ouwasav.com
408,76,7,www.ouwasav.com
409,14,6,www.ouwasav.com
410,110,9,www.ouwasav.com
411,23,6,www.ouwasav.com
412,26,8,www.ouwasav.com
413,120,6,www.ouwasav.com
414,128,4,www.ouwasav.com
415,48,1,www.ouwasav.com
416,52,7,www.ouwasav.com
417,15,5,www.ouwasav.com
418,71,6,www.ouwasav.com
419,145,8,www.ouwasav.com
420,98,7,www.ouwasav.com
421,115,0,www.ouwasav.com
422,132,6,www.ouwasav.com
423,14,3,www.ouwasav.com
424,92,7,www.ouwasav.com
425,6,4,www.ouwasav.com
426,26,1,www.ouwasav.com
427,147,3,www.ouwasav.com
428,45,3,www.ouwasav.com
429,73,0,www.ouwasav.com
430,146,5,www.ouwasav.com
431,63,4,www.ouwasav.com
432,92,8,www.ouwasav.com
433,43,1,www.ouwasav.com
434,9,6,www.ouwasav.com
435,76,4,www.ouwasav.com
436,1,7,www.ouwasav.com
437,136,1,www.ouwasav.com
438,36,6,www.ouwasav.com
439,35,5,www.ouwasav.com
440,144,6,www.ouwasav.com
441,54,5,www.ouwasav.com
442,118,6,www.ouwasav.com
443,136,2,www.ouwasav.com
444,14,9,www.ouwasav.com
445,148,9,www.ouwasav.com
446,63,9,www.ouwasav.com
447,149,9,www.ouwasav.com
448,85,1,www.ouwasav.com
449,114,9,www.ouwasav.com
450,105,2,www.ouwasav.com
451,91,2,www.ouwasav.com
452,98,3,www.ouwasav.com
453,144,9,www.ouwasav.com
454,39,2,www.ouwasav.com
455,131,5,www.ouwasav.com
456,108,4,www.ouwasav.com
457,124,7,www.ouwasav.com
458,13,0,www.ouwasav.com
459,127,4,www.ouwasav.com
460,25,9,www.ouwasav.com
461,69,4,www.ouwasav.com
462,38,7,www.ouwasav.com
463,87,3,www.ouwasav.com
464,43,9,www.ouwasav.com
465,55,7,www.ouwasav.com
466,64,1,www.ouwasav.com
467,126,8,www.ouwasav.com
468,32,7,www.ouwasav.com
469,80,8,www.ouwasav.com
470,24,7,www.ouwasav.com
471,119,2,www.ouwasav.com
472,58,6,www.ouwasav.com
473,10,0,www.ouwasav.com
474,96,0,www.ouwasav.com
475,80,0,www.ouwasav.com
476,57,8,www.ouwasav.com
477,51,0,www.ouwasav.com
478,108,5,www.ouwasav.com
479,63,3,www.ouwasav.com
480,65,8,www.ouwasav.com
481,53,7,www.ouwasav.com
482,107,9,www.ouwasav.com
483,34,8,www.ouwasav.com
484,139,1,www.ouwasav.com
485,35,8,www.ouwasav.com
486,77,9,www.ouwasav.com
487,22,9,www.ouwasav.com
488,17,8,www.ouwasav.com
489,47,7,www.ouwasav.com
490,126,7,www.ouwasav.com
491,80,6,www.ouwasav.com
492,12,7,www.ouwasav.com
493,4,2,www.ouwasav.com
494,41,7,www.ouwasav.com
495,99,7,www.ouwasav.com
496,6,0,www.ouwasav.com
497,144,2,www.ouwasav.com
498,50,6,www.ouwasav.com
499,65,8,www.ouwasav.com
500,58,9,www.ouwasav.com
501,104,2,www.ouwasav.com
502,53,6,www.ouwasav.com
503,70,5,www.ouwasav.com
504,92,4,www.ouwasav.com
505,63,6,www.ouwasav.com
506,119,2,www.ouwasav.com
507,52,7,www.ouwasav.com
508,63,6,www.ouwasav.com
509,126,0,www.ouwasav.com
510,20,1,www.ouwasav.com
511,108,5,www.ouwasav.com
512,94,3,www.ouwasav.com
513,4,0,www.ouwasav.com
514,31,7,www.ouwasav.com
515,112,4,www.ouwasav.com
516,11,9,www.ouwasav.com
517,126,3,www.ouwasav.com
518,78,4,www.ouwasav.com
519,60,0,www.ouwasav.com
520,36,9,www.ouwasav.com
521,47,3,www.ouwasav.com
522,115,0,www.ouwasav.com
523,26,8,www.ouwasav.com
524,87,4,www.ouwasav.com
525,30,4,www.ouwasav.com
526,82,2,www.ouwasav.com
527,14,8,www.ouwasav.com
528,113,7,www.ouwasav.com
529,75,6,www.ouwasav.com
530,70,4,www.ouwasav.com
531,92,9,www.ouwasav.com
532,47,4,www.ouwasav.com
533,105,7,www.ouwasav.com
534,150,4,www.ouwasav.com
535,53,9,www.ouwasav.com
536,134,2,www.ouwasav.com
537,64,6,www.ouwasav.com
538,39,9,www.ouwasav.com
539,90,6,www.ouwasav.com
540,103,9,www.ouwasav.com
541,93,5,www.ouwasav.com
542,100,6,www.ouwasav.com
543,142,4,www.ouwasav.com
544,133,4,www.ouwasav.com
545,75,7,www.ouwasav.com
546,138,8,www.ouwasav.com
547,75,3,www.ouwasav.com
548,96,0,www.ouwasav.com
549,90,2,www.ouwasav.com
550,63,6,www.ouwasav.com
551,112,3,www.ouwasav.com
552,117,4,www.ouwasav.com
553,149,0,www.ouwasav.com
554,122,6,www.ouwasav.com
555,56,6,www.ouwasav.com
556,44,8,www.ouwasav.com
557,33,1,www.ouwasav.com
558,38,5,www.ouwasav.com
559,111,4,www.ouwasav.com
560,75,3,www.ouwasav.com
561,23,1,www.ouwasav.com
562,4,0,www.ouwasav.com
563,126,0,www.ouwasav.com
564,135,4,www.ouwasav.com
565,61,5,www.ouwasav.com
566,105,5,www.ouwasav.com
567,67,6,www.ouwasav.com
568,71,5,www.ouwasav.com
569,91,5,www.ouwasav.com
570,68,9,www.ouwasav.com
571,106,3,www.ouwasav.com
572,144,5,www.ouwasav.com
573,51,7,www.ouwasav.com
574,59,6,www.ouwasav.com
575,119,5,www.ouwasav.com
576,51,7,www.ouwasav.com
577,82,4,www.ouwasav.com
578,46,5,www.ouwasav.com
579,38,0,www.ouwasav.com
580,134,7,www.ouwasav.com
581,11,7,www.ouwasav.com
582,18,5,www.ouwasav.com
583,132,0,www.ouwasav.com
584,6,1,www.ouwasav.com
585,62,0,www.ouwasav.com
586,84,2,www.ouwasav.com
587,144,5,www.ouwasav.com
588,138,5,www.ouwasav.com
589,8,2,www.ouwasav.com
590,92,8,www.ouwasav.com
591,129,8,www.ouwasav.com
592,145,8,www.ouwasav.com
593,139,9,www.ouwasav.com
594,73,9,www.ouwasav.com
595,43,4,www.ouwasav.com
596,26,3,www.ouwasav.com
597,126,2,www.ouwasav.com
598,36,5,www.ouwasav.com
599,12,0,www.ouwasav.com
600,44,9,www.ouwasav.com
601,28,2,www.ouwasav.com
602,29,9,www.ouwasav.com
603,26,1,www.ouwasav.com
604,138,7,www.ouwasav.com
605,130,9,www.ouwasav.com
606,51,0,www.ouwasav.com
607,20,1,www.ouwasav.com
608,56,7,www.ouwasav.com
609,128,7,www.ouwasav.com
610,16,2,www.ouwasav.com
611,23,2,www.ouwasav.com
612,118,4,www.ouwasav.com
613,125,9,www.ouwasav.com
614,118,0,www.ouwasav.com
615,44,5,www.ouwasav.com
616,147,5,www.ouwasav.com
617,145,9,www.ouwasav.com
618,137,0,www.ouwasav.com
619,53,2,www.ouwasav.com
620,142,1,www.ouwasav.com
621,43,8,www.ouwasav.com
622,142,7,www.ouwasav.com
623,131,1,www.ouwasav.com
624,58,6,www.ouwasav.com
625,44,4,www.ouwasav.com
626,32,7,www.ouwasav.com
627,107,0,www.ouwasav.com
628,43,1,www.ouwasav.com
629,116,9,www.ouwasav.com
630,14,6,www.ouwasav.com
631,121,2,www.ouwasav.com
632,104,0,www.ouwasav.com
633,110,3,www.ouwasav.com
634,69,3,www.ouwasav.com
635,50,8,www.ouwasav.com
636,10,3,www.ouwasav.com
637,10,9,www.ouwasav.com
638,43,5,www.ouwasav.com
639,118,6,www.ouwasav.com
640,30,4,www.ouwasav.com
641,127,1,www.ouwasav.com
642,5,6,www.ouwasav.com
643,66,1,www.ouwasav.com
644,33,7,www.ouwasav.com
645,43,0,www.ouwasav.com
646,111,8,www.ouwasav.com
647,58,9,www.ouwasav.com
648,88,0,www.ouwasav.com
649,129,0,www.ouwasav.com
650,105,6,www.ouwasav.com
651,20,3,www.ouwasav.com
652,120,8,www.ouwasav.com
653,109,7,www.ouwasav.com
654,83,6,www.ouwasav.com
655,124,9,www.ouwasav.com
656,105,2,www.ouwasav.com
657,41,9,www.ouwasav.com
658,124,5,www.ouwasav.com
659,34,8,www.ouwasav.com
660,80,5,www.ouwasav.com
661,71,2,www.ouwasav.com
662,89,0,www.ouwasav.com
663,14,7,www.ouwasav.com
664,106,6,www.ouwasav.com
665,24,3,www.ouwasav.com
666,51,5,www.ouwasav.com
667,84,2,www.ouwasav.com
668,17,2,www.ouwasav.com
669,129,9,www.ouwasav.com
670,40,0,www.ouwasav.com
671,55,6,www.ouwasav.com
672,19,4,www.ouwasav.com
673,101,9,www.ouwasav.com
674,45,6,www.ouwasav.com
675,141,2,www.ouwasav.com
676,89,5,www.ouwasav.com
677,74,0,www.ouwasav.com
678,123,8,www.ouwasav.com
679,42,2,www.ouwasav.com
680,45,8,www.ouwasav.com
681,149,2,www.ouwasav.com
682,79,6,www.ouwasav.com
683,84,3,www.ouwasav.com
684,124,7,www.ouwasav.com
685,98,5,www.ouwasav.com
686,114,5,www.ouwasav.com
687,56,5,www.ouwasav.com
688,123,4,www.ouwasav.com
689,25,5,www.ouwasav.com
690,136,1,www.ouwasav.com
691,2,2,www.ouwasav.com
692,38,9,www.ouwasav.com
693,122,5,www.ouwasav.com
694,3,2,www.ouwasav.com
695,145,3,www.ouwasav.com
696,9,0,www.ouwasav.com
697,43,9,www.ouwasav.com
698,33,6,www.ouwasav.com
699,36,5,www.ouwasav.com
700,91,1,www.ouwasav.com
701,31,3,www.ouwasav.com
702,102,3,www.ouwasav.com
703,67,4,www.ouwasav.com
704,149,3,www.ouwasav.com
705,92,1,www.ouwasav.com
706,141,4,www.ouwasav.com
707,9,9,www.ouwasav.com
708,38,7,www.ouwasav.com
709,8,5,www.ouwasav.com
710,43,1,www.ouwasav.com
711,116,1,www.ouwasav.com
712,127,8,www.ouwasav.com
713,92,8,www.ouwasav.com
714,126,3,www.ouwasav.com
715,79,9,www.ouwasav.com
716,52,5,www.ouwasav.com
717,28,5,www.ouwasav.com
718,9,6,www.ouwasav.com
719,31,8,www.ouwasav.com
720,108,0,www.ouwasav.com
721,43,1,www.ouwasav.com
722,144,0,www.ouwasav.com
723,66,3,www.ouwasav.com
724,35,6,www.ouwasav.com
725,19,3,www.ouwasav.com
726,60,7,www.ouwasav.com
727,15,2,www.ouwasav.com
728,57,1,www.ouwasav.com
729,141,7,www.ouwasav.com
730,51,5,www.ouwasav.com
731,18,7,www.ouwasav.com
732,149,3,www.ouwasav.com
733,78,6,www.ouwasav.com
734,4,8,www.ouwasav.com
735,117,0,www.ouwasav.com
736,122,6,www.ouwasav.com
737,94,6,www.ouwasav.com
738,96,7,www.ouwasav.com
739,50,4,www.ouwasav.com
740,31,0,www.ouwasav.com
741,133,6,www.ouwasav.com
742,106,6,www.ouwasav.com
743,118,6,www.ouwasav.com
744,85,1,www.ouwasav.com
745,149,9,www.ouwasav.com
746,33,9,www.ouwasav.com
747,57,9,www.ouwasav.com
748,56,8,www.ouwasav.com
749,71,1,www.ouwasav.com
750,16,1,www.ouwasav.com
751,32,8,www.ouwasav.com
752,3,1,www.ouwasav.com
753,144,1,www.ouwasav.com
754,19,6,www.ouwasav.com
755,116,2,www.ouwasav.com
756,108,0,www.ouwasav.com
757,76,1,www.ouwasav.com
758,77,1,www.ouwasav.com
759,49,0,www.ouwasav.com
760,54,5,www.ouwasav.com
761,8,0,www.ouwasav.com
762,64,9,www.ouwasav.com
763,52,1,www.ouwasav.com
764,32,6,www.ouwasav.com
765,51,5,www.ouwasav.com
766,135,8,www.ouwasav.com
767,50,0,www.ouwasav.com
768,79,5,www.ouwasav.com
769,13,2,www.ouwasav.com
770,62,5,www.ouwasav.com
771,7,7,www.ouwasav.com
772,136,7,www.ouwasav.com
773,30,7,www.ouwasav.com
774,33,1,www.ouwasav.com
775,132,4,www.ouwasav.com
776,142,3,www.ouwasav.com
777,62,3,www.ouwasav.com
778,32,3,www.ouwasav.com
779,64,8,www.ouwasav.com
780,35,8,www.ouwasav.com
781,104,2,www.ouwasav.com
782,4,2,www.ouwasav.com
783,80,8,www.ouwasav.com
784,132,8,www.ouwasav.com
785,99,6,www.ouwasav.com
786,89,8,www.ouwasav.com
787,81,4,www.ouwasav.com
788,97,8,www.ouwasav.com
789,120,7,www.ouwasav.com
790,84,2,www.ouwasav.com
791,122,5,www.ouwasav.com
792,26,9,www.ouwasav.com
793,125,9,www.ouwasav.com
794,66,2,www.ouwasav.com
795,96,9,www.ouwasav.com
796,17,8,www.ouwasav.com
797,62,8,www.ouwasav.com
798,102,8,www.ouwasav.com
799,45,6,www.ouwasav.com
800,135,1,www.ouwasav.com
801,113,2,www.ouwasav.com
802,24,5,www.ouwasav.com
803,130,8,www.ouwasav.com
804,29,1,www.ouwasav.com
805,32,2,www.ouwasav.com
806,117,6,www.ouwasav.com
807,60,4,www.ouwasav.com
808,23,6,www.ouwasav.com
809,118,2,www.ouwasav.com
810,18,4,www.ouwasav.com
811,48,5,www.ouwasav.com
812,31,0,www.ouwasav.com
813,14,1,www.ouwasav.com
814,28,3,www.ouwasav.com
815,143,5,www.ouwasav.com
816,44,5,www.ouwasav.com
817,20,7,www.ouwasav.com
818,126,2,www.ouwasav.com
819,28,8,www.ouwasav.com
820,33,4,www.ouwasav.com
821,95,6,www.ouwasav.com
822,90,2,www.ouwasav.com
823,50,8,www.ouwasav.com
824,91,2,www.ouwasav.com
825,127,7,www.ouwasav.com
826,20,7,www.ouwasav.com
827,45,5,www.ouwasav.com
828,108,4,www.ouwasav.com
829,74,7,www.ouwasav.com
830,39,2,www.ouwasav.com
831,120,3,www.ouwasav.com
832,70,7,www.ouwasav.com
833,24,8,www.ouwasav.com
834,122,1,www.ouwasav.com
835,32,7,www.ouwasav.com
836,42,0,www.ouwasav.com
837,90,5,www.ouwasav.com
838,69,2,www.ouwasav.com
839,14,1,www.ouwasav.com
840,13,4,www.ouwasav.com
841,135,4,www.ouwasav.com
842,116,5,www.ouwasav.com
843,119,9,www.ouwasav.com
844,129,3,www.ouwasav.com
845,34,4,www.ouwasav.com
846,26,1,www.ouwasav.com
847,56,8,www.ouwasav.com
848,21,5,www.ouwasav.com
849,107,0,www.ouwasav.com
850,102,3,www.ouwasav.com
851,35,0,www.ouwasav.com
852,63,1,www.ouwasav.com
853,101,6,www.ouwasav.com
854,51,2,www.ouwasav.com
855,97,6,www.ouwasav.com
856,142,4,www.ouwasav.com
857,148,9,www.ouwasav.com
858,118,8,www.ouwasav.com
859,6,2,www.ouwasav.com
860,72,5,www.ouwasav.com
861,71,7,www.ouwasav.com
862,143,4,www.ouwasav.com
863,117,5,www.ouwasav.com
864,35,1,www.ouwasav.com
865,62,1,www.ouwasav.com
866,12,4,www.ouwasav.com
867,10,7,www.ouwasav.com
868,38,6,www.ouwasav.com
869,10,2,www.ouwasav.com
870,14,7,www.ouwasav.com
871,119,2,www.ouwasav.com
872,71,8,www.ouwasav.com
873,24,4,www.ouwasav.com
874,130,7,www.ouwasav.com
875,89,6,www.ouwasav.com
876,65,8,www.ouwasav.com
877,149,0,www.ouwasav.com
878,54,9,www.ouwasav.com
879,129,8,www.ouwasav.com
880,73,3,www.ouwasav.com
881,129,5,www.ouwasav.com
882,31,9,www.ouwasav.com
883,145,3,www.ouwasav.com
884,1,9,www.ouwasav.com
885,108,2,www.ouwasav.com
886,28,7,www.ouwasav.com
887,45,6,www.ouwasav.com
888,37,0,www.ouwasav.com
889,70,9,www.ouwasav.com
890,55,6,www.ouwasav.com
891,23,4,www.ouwasav.com
892,70,0,www.ouwasav.com
893,94,0,www.ouwasav.com
894,107,4,www.ouwasav.com
895,43,9,www.ouwasav.com
896,149,2,www.ouwasav.com
897,123,8,www.ouwasav.com
898,47,6,www.ouwasav.com
899,135,6,www.ouwasav.com
900,133,3,www.ouwasav.com
901,141,5,www.ouwasav.com
902,31,6,www.ouwasav.com
903,104,7,www.ouwasav.com
904,86,3,www.ouwasav.com
905,61,1,www.ouwasav.com
906,132,0,www.ouwasav.com
907,18,4,www.ouwasav.com
908,48,9,www.ouwasav.com
909,123,6,www.ouwasav.com
910,89,7,www.ouwasav.com
911,64,9,www.ouwasav.com
912,79,7,www.ouwasav.com
913,102,9,www.ouwasav.com
914,65,4,www.ouwasav.com
915,21,6,www.ouwasav.com
916,111,6,www.ouwasav.com
917,143,2,www.ouwasav.com
918,97,8,www.ouwasav.com
919,52,5,www.ouwasav.com
920,136,8,www.ouwasav.com
921,126,1,www.ouwasav.com
922,84,3,www.ouwasav.com
923,8,8,www.ouwasav.com
924,63,4,www.ouwasav.com
925,73,7,www.ouwasav.com
926,135,3,www.ouwasav.com
927,109,0,www.ouwasav.com
928,43,5,www.ouwasav.com
929,86,9,www.ouwasav.com
930,68,9,www.ouwasav.com
931,68,3,www.ouwasav.com
932,127,9,www.ouwasav.com
933,44,9,www.ouwasav.com
934,55,5,www.ouwasav.com
935,41,0,www.ouwasav.com
936,75,4,www.ouwasav.com
937,147,5,www.ouwasav.com
938,123,6,www.ouwasav.com
939,11,7,www.ouwasav.com
940,141,3,www.ouwasav.com
941,145,1,www.ouwasav.com
942,26,1,www.ouwasav.com
943,92,2,www.ouwasav.com
944,115,6,www.ouwasav.com
945,131,5,www.ouwasav.com
946,139,0,www.ouwasav.com
947,97,1,www.ouwasav.com
948,26,9,www.ouwasav.com
949,114,3,www.ouwasav.com
950,59,9,www.ouwasav.com
951,122,1,www.ouwasav.com
952,38,4,www.ouwasav.com
953,13,9,www.ouwasav.com
954,147,4,www.ouwasav.com
955,42,4,www.ouwasav.com
956,100,0,www.ouwasav.com
957,47,5,www.ouwasav.com
958,149,2,www.ouwasav.com
959,118,8,www.ouwasav.com
960,59,7,www.ouwasav.com
961,89,8,www.ouwasav.com
962,63,0,www.ouwasav.com
963,143,1,www.ouwasav.com
964,59,1,www.ouwasav.com
965,146,1,www.ouwasav.com
966,114,0,www.ouwasav.com
967,143,7,www.ouwasav.com
968,130,3,www.ouwasav.com
969,82,3,www.ouwasav.com
970,89,0,www.ouwasav.com
971,91,2,www.ouwasav.com
972,116,9,www.ouwasav.com
973,131,2,www.ouwasav.com
974,106,5,www.ouwasav.com
975,99,7,www.ouwasav.com
976,125,0,www.ouwasav.com
977,66,1,www.ouwasav.com
978,30,3,www.ouwasav.com
979,101,5,www.ouwasav.com
980,11,5,www.ouwasav.com
981,122,5,www.ouwasav.com
982,90,2,www.ouwasav.com
983,83,0,www.ouwasav.com
984,140,7,www.ouwasav.com
985,76,4,www.ouwasav.com
986,34,4,www.ouwasav.com
987,76,2,www.ouwasav.com
988,68,9,www.ouwasav.com
989,53,6,www.ouwasav.com
990,98,4,www.ouwasav.com
991,46,0,www.ouwasav.com
992,118,8,www.ouwasav.com
993,46,5,www.ouwasav.com
994,89,5,www.ouwasav.com
995,83,3,www.ouwasav.com
996,68,0,www.ouwasav.com
997,23,9,www.ouwasav.com
998,43,0,www.ouwasav.com
999,13,9,www.ouwasav.com
1000,92,8,www.ouwasav.com
1001,2,2,www.ouwasav.com
1002,94,7,www.ouwasav.com
1003,49,0,www.ouwasav.com
1004,126,7,www.ouwasav.com
1005,71,8,www.ouwasav.com
1006,144,3,www.ouwasav.com
1007,102,4,www.ouwasav.com
1008,79,4,www.ouwasav.com
1009,78,9,www.ouwasav.com
1010,127,3,www.ouwasav.com
1011,94,9,www.ouwasav.com
1012,45,4,www.ouwasav.com
1013,100,8,www.ouwasav.com
1014,138,6,www.ouwasav.com
1015,45,0,www.ouwasav.com
1016,54,1,www.ouwasav.com
1017,57,0,www.ouwasav.com
1018,131,5,www.ouwasav.com
1019,101,1,www.ouwasav.com
1020,6,9,www.ouwasav.com
1021,7,1,www.ouwasav.com
1022,149,3,www.ouwasav.com
1023,116,6,www.ouwasav.com
1024,101,2,www.ouwasav.com
1025,11,8,www.ouwasav.com
1026,8,3,www.ouwasav.com
1027,66,2,www.ouwasav.com
1028,1,5,www.ouwasav.com
1029,145,2,www.ouwasav.com
1030,110,3,www.ouwasav.com
1031,134,0,www.ouwasav.com
1032,36,9,www.ouwasav.com
1033,31,1,www.ouwasav.com
1034,102,5,www.ouwasav.com
1035,24,8,www.ouwasav.com
1036,141,3,www.ouwasav.com
1037,36,8,www.ouwasav.com
1038,8,6,www.ouwasav.com
1039,52,0,www.ouwasav.com
1040,130,3,www.ouwasav.com
1041,89,9,www.ouwasav.com
1042,139,2,www.ouwasav.com
1043,88,3,www.ouwasav.com
1044,102,0,www.ouwasav.com
1045,88,5,www.ouwasav.com
1046,70,2,www.ouwasav.com
1047,95,9,www.ouwasav.com
1048,53,8,www.ouwasav.com
1049,25,3,www.ouwasav.com
1050,55,6,www.ouwasav.com
1051,42,7,www.ouwasav.com
1052,22,6,www.ouwasav.com
1053,5,1,www.ouwasav.com
1054,91,6,www.ouwasav.com
1055,113,9,www.ouwasav.com
1056,91,3,www.ouwasav.com
1057,96,4,www.ouwasav.com
1058,141,4,www.ouwasav.com
1059,129,0,www.ouwasav.com
1060,43,4,www.ouwasav.com
1061,146,4,www.ouwasav.com
1062,79,6,www.ouwasav.com
1063,137,5,www.ouwasav.com
1064,114,7,www.ouwasav.com
1065,18,4,www.ouwasav.com
1066,89,8,www.ouwasav.com
1067,24,5,www.ouwasav.com
1068,34,4,www.ouwasav.com
1069,55,7,www.ouwasav.com
1070,13,0,www.ouwasav.com
1071,32,4,www.ouwasav.com
1072,78,9,www.ouwasav.com
1073,90,8,www.ouwasav.com
1074,115,3,www.ouwasav.com
1075,79,1,www.ouwasav.com
1076,10,6,www.ouwasav.com
1077,50,8,www.ouwasav.com
1078,5,8,www.ouwasav.com
1079,27,4,www.ouwasav.com
1080,83,2,www.ouwasav.com
1081,24,5,www.ouwasav.com
1082,127,8,www.ouwasav.com
1083,11,4,www.ouwasav.com
1084,134,1,www.ouwasav.com
1085,8,6,www.ouwasav.com
1086,57,6,www.ouwasav.com
1087,81,9,www.ouwasav.com
1088,82,0,www.ouwasav.com
1089,73,8,www.ouwasav.com
1090,126,9,www.ouwasav.com
1091,44,8,www.ouwasav.com
1092,32,6,www.ouwasav.com
1093,35,2,www.ouwasav.com
1094,142,2,www.ouwasav.com
1095,11,1,www.ouwasav.com
1096,51,0,www.ouwasav.com
1097,87,4,www.ouwasav.com
1098,148,4,www.ouwasav.com
1099,58,2,www.ouwasav.com
1100,96,2,www.ouwasav.com
1101,76,8,www.ouwasav.com
1102,108,3,www.ouwasav.com
1103,82,1,www.ouwasav.com
1104,126,5,www.ouwasav.com
1105,86,1,www.ouwasav.com
1106,17,9,www.ouwasav.com
1107,108,1,www.ouwasav.com
1108,123,1,www.ouwasav.com
1109,119,3,www.ouwasav.com
1110,84,8,www.ouwasav.com
1111,90,2,www.ouwasav.com
1112,6,9,www.ouwasav.com
1113,35,1,www.ouwasav.com
1114,1,7,www.ouwasav.com
1115,93,5,www.ouwasav.com
1116,83,7,www.ouwasav.com
1117,117,0,www.ouwasav.com
1118,91,2,www.ouwasav.com
1119,110,0,www.ouwasav.com
1120,41,4,www.ouwasav.com
1121,39,7,www.ouwasav.com
1122,40,9,www.ouwasav.com
1123,100,0,www.ouwasav.com
1124,92,9,www.ouwasav.com
1125,134,2,www.ouwasav.com
1126,149,0,www.ouwasav.com
1127,22,8,www.ouwasav.com
1128,16,1,www.ouwasav.com
1129,2,5,www.ouwasav.com
1130,81,5,www.ouwasav.com
1131,145,0,www.ouwasav.com
1132,88,2,www.ouwasav.com
1133,116,6,www.ouwasav.com
1134,49,2,www.ouwasav.com
1135,9,2,www.ouwasav.com
1136,97,6,www.ouwasav.com
1137,89,8,www.ouwasav.com
1138,132,1,www.ouwasav.com
1139,93,7,www.ouwasav.com
1140,66,7,www.ouwasav.com
1141,122,4,www.ouwasav.com
1142,93,4,www.ouwasav.com
1143,95,8,www.ouwasav.com
1144,135,7,www.ouwasav.com
1145,90,1,www.ouwasav.com
1146,22,3,www.ouwasav.com
1147,125,2,www.ouwasav.com
1148,4,1,www.ouwasav.com
1149,123,4,www.ouwasav.com
1150,93,1,www.ouwasav.com
1151,34,3,www.ouwasav.com
1152,108,7,www.ouwasav.com
1153,145,0,www.ouwasav.com
1154,99,1,www.ouwasav.com
1155,44,5,www.ouwasav.com
1156,35,5,www.ouwasav.com
1157,95,1,www.ouwasav.com
1158,9,2,www.ouwasav.com
1159,140,0,www.ouwasav.com
1160,123,5,www.ouwasav.com
1161,54,1,www.ouwasav.com
1162,80,8,www.ouwasav.com
1163,83,4,www.ouwasav.com
1164,27,6,www.ouwasav.com
1165,91,5,www.ouwasav.com
1166,146,3,www.ouwasav.com
1167,141,3,www.ouwasav.com
1168,128,2,www.ouwasav.com
1169,125,7,www.ouwasav.com
1170,44,2,www.ouwasav.com
1171,77,8,www.ouwasav.com
1172,128,5,www.ouwasav.com
1173,6,5,www.ouwasav.com
1174,115,5,www.ouwasav.com
1175,89,8,www.ouwasav.com
1176,98,6,www.ouwasav.com
1177,1,8,www.ouwasav.com
1178,77,1,www.ouwasav.com
1179,20,8,www.ouwasav.com
1180,22,6,www.ouwasav.com
1181,56,5,www.ouwasav.com
1182,71,5,www.ouwasav.com
1183,150,7,www.ouwasav.com
1184,121,4,www.ouwasav.com
1185,13,1,www.ouwasav.com
1186,143,2,www.ouwasav.com
1187,16,5,www.ouwasav.com
1188,35,0,www.ouwasav.com
1189,40,4,www.ouwasav.com
1190,22,9,www.ouwasav.com
1191,50,8,www.ouwasav.com
1192,72,3,www.ouwasav.com
1193,73,5,www.ouwasav.com
1194,11,1,www.ouwasav.com
1195,108,5,www.ouwasav.com
1196,108,0,www.ouwasav.com
1197,30,2,www.ouwasav.com
1198,47,1,www.ouwasav.com
1199,18,9,www.ouwasav.com
1200,67,8,www.ouwasav.com
1201,111,3,www.ouwasav.com
1202,130,1,www.ouwasav.com
1203,100,8,www.ouwasav.com
1204,64,3,www.ouwasav.com
1205,72,5,www.ouwasav.com
1206,68,5,www.ouwasav.com
1207,134,4,www.ouwasav.com
1208,24,0,www.ouwasav.com
1209,53,0,www.ouwasav.com
1210,89,0,www.ouwasav.com
1211,81,2,www.ouwasav.com
1212,52,7,www.ouwasav.com
1213,97,4,www.ouwasav.com
1214,91,8,www.ouwasav.com
1215,16,2,www.ouwasav.com
1216,144,7,www.ouwasav.com
1217,109,3,www.ouwasav.com
1218,26,7,www.ouwasav.com
1219,50,2,www.ouwasav.com
1220,55,0,www.ouwasav.com
1221,88,5,www.ouwasav.com
1222,27,9,www.ouwasav.com
1223,79,2,www.ouwasav.com
1224,86,8,www.ouwasav.com
1225,36,9,www.ouwasav.com
1226,133,0,www.ouwasav.com
1227,87,0,www.ouwasav.com
1228,47,8,www.ouwasav.com
1229,131,7,www.ouwasav.com
1230,130,7,www.ouwasav.com
1231,43,6,www.ouwasav.com
1232,44,9,www.ouwasav.com
1233,145,5,www.ouwasav.com
1234,133,6,www.ouwasav.com
1235,28,7,www.ouwasav.com
1236,12,5,www.ouwasav.com
1237,84,5,www.ouwasav.com
1238,7,1,www.ouwasav.com
1239,143,7,www.ouwasav.com
1240,91,4,www.ouwasav.com
1241,2,9,www.ouwasav.com
1242,127,7,www.ouwasav.com
1243,146,6,www.ouwasav.com
1244,141,2,www.ouwasav.com
1245,97,0,www.ouwasav.com
1246,70,7,www.ouwasav.com
1247,28,4,www.ouwasav.com
1248,79,0,www.ouwasav.com
1249,65,2,www.ouwasav.com
1250,35,8,www.ouwasav.com
1251,32,8,www.ouwasav.com
1252,44,1,www.ouwasav.com
1253,35,6,www.ouwasav.com
1254,117,7,www.ouwasav.com
1255,112,3,www.ouwasav.com
1256,115,4,www.ouwasav.com
1257,107,5,www.ouwasav.com
1258,57,6,www.ouwasav.com
1259,120,7,www.ouwasav.com
1260,50,7,www.ouwasav.com
1261,85,1,www.ouwasav.com
1262,134,5,www.ouwasav.com
1263,21,7,www.ouwasav.com
1264,147,8,www.ouwasav.com
1265,50,4,www.ouwasav.com
1266,28,8,www.ouwasav.com
1267,147,7,www.ouwasav.com
1268,53,1,www.ouwasav.com
1269,57,7,www.ouwasav.com
1270,112,4,www.ouwasav.com
1271,134,1,www.ouwasav.com
1272,72,3,www.ouwasav.com
1273,134,8,www.ouwasav.com
1274,25,9,www.ouwasav.com
1275,147,6,www.ouwasav.com
1276,76,9,www.ouwasav.com
1277,6,1,www.ouwasav.com
1278,18,1,www.ouwasav.com
1279,133,6,www.ouwasav.com
1280,10,7,www.ouwasav.com
1281,146,2,www.ouwasav.com
1282,40,7,www.ouwasav.com
1283,24,4,www.ouwasav.com
1284,66,6,www.ouwasav.com
1285,125,6,www.ouwasav.com
1286,13,3,www.ouwasav.com
1287,139,7,www.ouwasav.com
1288,127,9,www.ouwasav.com
1289,58,1,www.ouwasav.com
1290,82,5,www.ouwasav.com
1291,60,9,www.ouwasav.com
1292,78,3,www.ouwasav.com
1293,33,7,www.ouwasav.com
1294,10,4,www.ouwasav.com
1295,49,0,www.ouwasav.com
1296,125,8,www.ouwasav.com
1297,85,0,www.ouwasav.com
1298,104,0,www.ouwasav.com
1299,24,5,www.ouwasav.com
1300,24,9,www.ouwasav.com
1301,57,3,www.ouwasav.com
1302,24,9,www.ouwasav.com
1303,92,8,www.ouwasav.com
1304,78,9,www.ouwasav.com
1305,22,2,www.ouwasav.com
1306,81,3,www.ouwasav.com
1307,110,7,www.ouwasav.com
1308,46,0,www.ouwasav.com
1309,25,8,www.ouwasav.com
1310,110,6,www.ouwasav.com
1311,150,6,www.ouwasav.com
1312,76,1,www.ouwasav.com
1313,2,1,www.ouwasav.com
1314,116,9,www.ouwasav.com
1315,73,7,www.ouwasav.com
1316,105,8,www.ouwasav.com
1317,10,4,www.ouwasav.com
1318,14,6,www.ouwasav.com
1319,117,0,www.ouwasav.com
1320,64,4,www.ouwasav.com
1321,6,7,www.ouwasav.com
1322,129,0,www.ouwasav.com
1323,10,2,www.ouwasav.com
1324,8,6,www.ouwasav.com
1325,75,9,www.ouwasav.com
1326,1,2,www.ouwasav.com
1327,26,2,www.ouwasav.com
1328,97,3,www.ouwasav.com
1329,58,5,www.ouwasav.com
1330,148,8,www.ouwasav.com
1331,146,1,www.ouwasav.com
1332,8,7,www.ouwasav.com
1333,137,3,www.ouwasav.com
1334,100,6,www.ouwasav.com
1335,56,2,www.ouwasav.com
1336,20,5,www.ouwasav.com
1337,36,7,www.ouwasav.com
1338,78,1,www.ouwasav.com
1339,77,7,www.ouwasav.com
1340,47,0,www.ouwasav.com
1341,127,7,www.ouwasav.com
1342,75,6,www.ouwasav.com
1343,51,0,www.ouwasav.com
1344,118,2,www.ouwasav.com
1345,43,5,www.ouwasav.com
1346,110,6,www.ouwasav.com
1347,94,6,www.ouwasav.com
1348,115,3,www.ouwasav.com
1349,10,9,www.ouwasav.com
1350,74,2,www.ouwasav.com
1351,114,8,www.ouwasav.com
1352,16,2,www.ouwasav.com
1353,39,1,www.ouwasav.com
1354,96,1,www.ouwasav.com
1355,6,3,www.ouwasav.com
1356,136,9,www.ouwasav.com
1357,93,3,www.ouwasav.com
1358,130,3,www.ouwasav.com
1359,7,7,www.ouwasav.com
1360,3,5,www.ouwasav.com
1361,104,9,www.ouwasav.com
1362,17,5,www.ouwasav.com
1363,42,3,www.ouwasav.com
1364,149,8,www.ouwasav.com
1365,82,2,www.ouwasav.com
1366,149,0,www.ouwasav.com
1367,63,6,www.ouwasav.com
1368,21,4,www.ouwasav.com
1369,56,2,www.ouwasav.com
1370,30,0,www.ouwasav.com
1371,148,6,www.ouwasav.com
1372,68,4,www.ouwasav.com
1373,112,0,www.ouwasav.com
1374,130,7,www.ouwasav.com
1375,78,6,www.ouwasav.com
1376,24,5,www.ouwasav.com
1377,84,1,www.ouwasav.com
1378,118,2,www.ouwasav.com
1379,77,9,www.ouwasav.com
1380,17,8,www.ouwasav.com
1381,140,5,www.ouwasav.com
1382,131,0,www.ouwasav.com
1383,29,9,www.ouwasav.com
1384,3,5,www.ouwasav.com
1385,140,4,www.ouwasav.com
1386,32,0,www.ouwasav.com
1387,58,1,www.ouwasav.com
1388,90,5,www.ouwasav.com
1389,107,5,www.ouwasav.com
1390,28,6,www.ouwasav.com
1391,7,4,www.ouwasav.com
1392,26,8,www.ouwasav.com
1393,148,3,www.ouwasav.com
1394,80,5,www.ouwasav.com
1395,78,7,www.ouwasav.com
1396,125,8,www.ouwasav.com
1397,25,8,www.ouwasav.com
1398,26,3,www.ouwasav.com
1399,59,6,www.ouwasav.com
1400,73,1,www.ouwasav.com
1401,34,2,www.ouwasav.com
1402,131,0,www.ouwasav.com
1403,13,9,www.ouwasav.com
1404,128,0,www.ouwasav.com
1405,87,5,www.ouwasav.com
1406,6,4,www.ouwasav.com
1407,48,9,www.ouwasav.com
1408,18,5,www.ouwasav.com
1409,84,0,www.ouwasav.com
1410,148,6,www.ouwasav.com
1411,36,3,www.ouwasav.com
1412,131,3,www.ouwasav.com
